,Date Time,p,T,Tpot,Tdew,rh,VPmax,VPact,VPdef,sh,H2OC,rho,wv,max. wv,wd
78622,01.07.2010 00:10:00,992.06,17.87,291.69,14.06,78.4,20.5,16.07,4.43,10.14,16.2,1180.21,0.31,0.56,51.11
78623,01.07.2010 00:20:00,992.02,17.82,291.65,14.03,78.5,20.44,16.04,4.39,10.12,16.17,1180.38,0.23,0.48,52.64
78624,01.07.2010 00:30:00,992.04,17.92,291.75,14.09,78.3,20.57,16.1,4.46,10.16,16.23,1179.97,0.18,0.4,22.1
78625,01.07.2010 00:40:00,991.96,17.82,291.65,14.02,78.4,20.44,16.02,4.41,10.11,16.15,1180.32,0.19,0.4,354.8
78626,01.07.2010 00:50:00,991.9,17.54,291.38,13.96,79.5,20.08,15.96,4.12,10.07,16.1,1181.41,0.24,0.98,21.4
78627,01.07.2010 01:00:00,991.81,17.35,291.19,13.87,80.0,19.84,15.87,3.97,10.02,16.0,1182.12,0.44,0.96,49.64
78628,01.07.2010 01:10:00,991.81,17.11,290.95,13.83,81.0,19.54,15.83,3.71,9.99,15.96,1183.11,0.34,0.76,296.1
78629,01.07.2010 01:20:00,991.85,16.9,290.74,13.74,81.6,19.28,15.74,3.55,9.93,15.87,1184.06,1.21,1.76,239.5
78630,01.07.2010 01:30:00,991.82,16.87,290.71,13.61,81.1,19.25,15.61,3.64,9.85,15.74,1184.21,1.75,2.28,222.2
78631,01.07.2010 01:40:00,991.81,16.69,290.53,13.59,81.9,19.03,15.58,3.44,9.83,15.71,1184.94,1.04,1.64,209.9
78632,01.07.2010 01:50:00,991.81,16.53,290.37,13.6,82.8,18.84,15.6,3.24,9.84,15.73,1185.59,0.85,1.36,211.8
78633,01.07.2010 02:00:00,991.69,16.39,290.24,13.57,83.4,18.67,15.57,3.1,9.82,15.7,1186.03,0.83,1.12,212.9
78634,01.07.2010 02:10:00,991.6,16.28,290.14,13.56,83.9,18.54,15.55,2.98,9.81,15.69,1186.38,0.66,1.12,203.0
78635,01.07.2010 02:20:00,991.53,16.23,290.09,13.58,84.3,18.48,15.58,2.9,9.83,15.71,1186.49,0.44,1.14,227.9
78636,01.07.2010 02:30:00,991.42,16.17,290.04,13.56,84.5,18.41,15.56,2.85,9.82,15.69,1186.61,0.73,1.44,239.1
78637,01.07.2010 02:40:00,991.35,16.16,290.04,13.53,84.4,18.4,15.53,2.87,9.8,15.66,1186.58,0.6,1.16,228.9
78638,01.07.2010 02:50:00,991.35,16.05,289.93,13.39,84.2,18.27,15.38,2.89,9.71,15.52,1187.1,1.05,2.12,204.9
78639,01.07.2010 03:00:00,991.32,15.59,289.47,13.17,85.5,17.74,15.17,2.57,9.57,15.3,1189.05,1.38,2.2,206.2
78640,01.07.2010 03:10:00,991.22,15.37,289.26,13.22,87.0,17.49,15.22,2.27,9.6,15.35,1189.82,1.47,1.96,219.0
78641,01.07.2010 03:20:00,991.2,15.39,289.28,13.24,87.0,17.51,15.24,2.28,9.62,15.37,1189.7,1.35,1.88,201.4
78642,01.07.2010 03:30:00,991.2,15.3,289.19,13.19,87.2,17.41,15.18,2.23,9.58,15.32,1190.1,0.83,1.56,196.0
78643,01.07.2010 03:40:00,991.16,15.26,289.15,13.18,87.4,17.37,15.18,2.19,9.58,15.31,1190.22,0.82,1.24,204.7
78644,01.07.2010 03:50:00,991.08,15.18,289.08,13.12,87.5,17.28,15.12,2.16,9.54,15.25,1190.48,0.7,1.32,183.1
78645,01.07.2010 04:00:00,990.97,15.07,288.98,13.05,87.7,17.16,15.05,2.11,9.5,15.18,1190.83,0.93,1.52,178.1
78646,01.07.2010 04:10:00,991.02,14.96,288.86,13.01,88.1,17.03,15.01,2.03,9.47,15.14,1191.36,0.27,0.68,37.65
78647,01.07.2010 04:20:00,991.09,14.87,288.77,12.94,88.2,16.94,14.94,2.0,9.43,15.07,1191.85,0.46,0.78,82.3
78648,01.07.2010 04:30:00,991.16,14.76,288.65,12.92,88.7,16.82,14.92,1.9,9.41,15.05,1192.4,0.51,1.24,118.5
78649,01.07.2010 04:40:00,991.2,14.58,288.47,12.74,88.7,16.62,14.74,1.88,9.3,14.87,1193.28,1.02,1.96,147.1
78650,01.07.2010 04:50:00,991.15,14.5,288.39,12.78,89.4,16.54,14.78,1.75,9.33,14.92,1193.53,0.42,0.96,175.3
78651,01.07.2010 05:00:00,991.09,14.82,288.72,13.03,89.0,16.88,15.02,1.86,9.48,15.16,1192.02,0.39,0.68,167.7
78652,01.07.2010 05:10:00,991.12,15.49,289.39,13.21,86.3,17.62,15.21,2.41,9.6,15.35,1189.2,0.5,0.92,169.9
78653,01.07.2010 05:20:00,991.16,16.0,289.9,13.15,83.2,18.21,15.15,3.06,9.56,15.29,1187.18,0.77,1.08,163.5
78654,01.07.2010 05:30:00,991.08,16.09,289.99,13.04,82.1,18.32,15.04,3.28,9.49,15.17,1186.77,1.07,2.4,143.0
78655,01.07.2010 05:40:00,991.08,16.2,290.1,13.13,82.0,18.44,15.12,3.32,9.55,15.26,1186.28,0.87,1.32,174.4
78656,01.07.2010 05:50:00,991.08,16.76,290.66,13.3,80.0,19.11,15.29,3.82,9.65,15.43,1183.91,0.86,1.4,196.9
78657,01.07.2010 06:00:00,991.05,17.2,291.11,13.34,78.0,19.65,15.33,4.32,9.68,15.47,1182.06,0.79,1.26,148.7
78658,01.07.2010 06:10:00,991.0,17.76,291.67,13.5,76.1,20.36,15.5,4.87,9.78,15.64,1179.65,0.4,0.92,112.2
78659,01.07.2010 06:20:00,991.05,18.24,292.15,13.53,74.0,20.99,15.53,5.46,9.8,15.67,1177.75,0.58,1.04,86.9
78660,01.07.2010 06:30:00,991.03,18.56,292.47,13.61,72.9,21.41,15.61,5.8,9.86,15.75,1176.4,0.74,1.52,99.7
78661,01.07.2010 06:40:00,991.08,18.74,292.65,13.66,72.3,21.65,15.66,6.0,9.88,15.8,1175.71,1.01,1.96,94.1
78662,01.07.2010 06:50:00,991.24,18.04,291.93,13.44,74.5,20.72,15.44,5.28,9.75,15.58,1178.83,1.24,1.96,49.94
78663,01.07.2010 07:00:00,991.3,18.55,292.44,13.69,73.3,21.4,15.68,5.71,9.9,15.82,1176.73,0.82,2.0,45.35
78664,01.07.2010 07:10:00,991.32,19.29,293.18,13.86,70.8,22.41,15.87,6.54,10.02,16.01,1173.69,1.15,1.92,50.16
78665,01.07.2010 07:20:00,991.32,19.46,293.35,13.98,70.6,22.65,15.99,6.66,10.09,16.13,1172.96,1.51,2.96,44.23
78666,01.07.2010 07:30:00,991.32,19.34,293.23,14.17,72.0,22.48,16.19,6.29,10.22,16.33,1173.35,2.44,3.52,30.21
78667,01.07.2010 07:40:00,991.29,19.67,293.56,14.4,71.6,22.95,16.43,6.52,10.37,16.57,1171.88,1.86,2.96,11.89
78668,01.07.2010 07:50:00,991.19,20.11,294.01,14.04,68.08,23.58,16.05,7.53,10.14,16.2,1170.17,2.62,3.98,34.58
78669,01.07.2010 08:00:00,991.13,20.49,294.4,14.06,66.56,24.14,16.07,8.07,10.15,16.21,1168.58,2.36,3.8,21.63
78670,01.07.2010 08:10:00,991.08,21.08,295.0,14.22,64.85,25.03,16.23,8.8,10.25,16.38,1166.11,2.05,3.24,30.21
78671,01.07.2010 08:20:00,991.03,21.48,295.4,14.29,63.6,25.65,16.32,9.34,10.3,16.46,1164.43,1.93,3.08,50.9
78672,01.07.2010 08:30:00,991.0,21.63,295.55,14.47,63.74,25.89,16.5,9.39,10.42,16.65,1163.72,1.38,2.28,51.85
78673,01.07.2010 08:40:00,991.05,22.19,296.11,14.74,62.69,26.79,16.79,10.0,10.61,16.95,1161.44,1.38,2.28,62.64
78674,01.07.2010 08:50:00,991.06,22.71,296.63,14.95,61.58,27.65,17.03,10.62,10.76,17.18,1159.31,0.99,2.12,87.0
78675,01.07.2010 09:00:00,990.92,23.23,297.16,15.15,60.44,28.53,17.25,11.29,10.9,17.4,1157.01,1.61,2.44,142.1
78676,01.07.2010 09:10:00,990.87,23.69,297.63,15.14,58.74,29.33,17.23,12.1,10.89,17.39,1155.16,1.13,2.2,192.8
78677,01.07.2010 09:20:00,990.74,23.85,297.8,15.09,58.0,29.62,17.18,12.44,10.86,17.34,1154.41,0.93,2.0,205.9
78678,01.07.2010 09:30:00,990.7,24.49,298.45,15.26,56.43,30.78,17.37,13.41,10.98,17.53,1151.8,1.06,1.98,177.0
78679,01.07.2010 09:40:00,990.71,24.63,298.59,15.09,55.35,31.04,17.18,13.86,10.86,17.34,1151.35,1.37,1.96,134.8
78680,01.07.2010 09:50:00,990.64,25.17,299.13,15.17,53.88,32.05,17.27,14.78,10.91,17.43,1149.15,1.02,2.16,186.7
78681,01.07.2010 10:00:00,990.61,26.34,300.31,15.35,50.84,34.35,17.46,16.89,11.04,17.63,1144.54,0.66,1.84,161.1
78682,01.07.2010 10:10:00,990.58,26.28,300.25,15.2,50.53,34.23,17.3,16.93,10.93,17.46,1144.81,1.41,2.74,111.8
78683,01.07.2010 10:20:00,990.58,25.58,299.55,15.02,52.07,32.84,17.1,15.74,10.81,17.26,1147.58,1.82,2.88,68.12
78684,01.07.2010 10:30:00,990.59,25.83,299.8,14.98,51.16,33.33,17.05,16.28,10.78,17.21,1146.65,1.53,2.92,63.25
78685,01.07.2010 10:40:00,990.58,26.19,300.16,14.94,49.97,34.05,17.01,17.03,10.75,17.17,1145.28,1.38,2.92,75.8
78686,01.07.2010 10:50:00,990.58,27.14,301.11,14.4,45.63,36.0,16.43,19.57,10.38,16.58,1141.91,0.79,2.76,66.11
78687,01.07.2010 11:00:00,990.57,27.13,301.1,13.06,41.86,35.98,15.06,20.92,9.51,15.2,1142.53,2.32,3.72,24.82
78688,01.07.2010 11:10:00,990.57,26.57,300.54,12.73,42.33,34.82,14.74,20.08,9.31,14.88,1144.81,1.55,3.14,330.4
78689,01.07.2010 11:20:00,990.47,27.17,301.15,12.67,40.7,36.07,14.68,21.39,9.27,14.82,1142.43,1.65,3.44,23.77
78690,01.07.2010 11:30:00,990.45,27.26,301.25,12.79,40.81,36.26,14.8,21.46,9.34,14.94,1142.02,1.82,3.88,20.44
78691,01.07.2010 11:40:00,990.38,27.25,301.24,11.8,38.26,36.23,13.86,22.37,8.75,14.0,1142.38,1.98,3.64,330.9
78692,01.07.2010 11:50:00,990.35,27.34,301.33,12.12,38.86,36.43,14.16,22.27,8.94,14.29,1141.88,1.81,3.52,287.8
78693,01.07.2010 12:00:00,990.24,27.9,301.91,12.51,38.59,37.64,14.52,23.11,9.17,14.67,1139.47,1.85,4.72,217.9
78694,01.07.2010 12:10:00,990.25,27.98,301.99,13.01,39.68,37.81,15.0,22.81,9.48,15.15,1138.97,2.51,4.24,240.2
78695,01.07.2010 12:20:00,990.24,27.7,301.71,12.96,40.21,37.2,14.96,22.24,9.45,15.11,1140.03,1.94,4.4,311.1
78696,01.07.2010 12:30:00,990.13,27.04,301.05,12.94,41.75,35.79,14.94,20.85,9.44,15.09,1142.42,3.12,5.32,28.32
78697,01.07.2010 12:40:00,990.05,26.94,300.96,12.47,40.71,35.58,14.49,21.1,9.15,14.63,1142.91,1.54,3.0,329.4
78698,01.07.2010 12:50:00,989.99,27.7,301.73,13.1,40.58,37.2,15.1,22.1,9.54,15.25,1139.68,2.2,3.52,336.6
78699,01.07.2010 13:00:00,989.96,27.62,301.65,13.32,41.35,37.03,15.31,21.72,9.68,15.47,1139.86,2.49,5.16,29.67
78700,01.07.2010 13:10:00,990.0,27.22,301.24,12.84,41.04,36.17,14.84,21.33,9.38,14.99,1141.63,1.96,4.84,37.34
78701,01.07.2010 13:20:00,989.96,27.55,301.58,13.32,41.52,36.88,15.31,21.56,9.68,15.47,1140.12,1.7,3.32,325.7
78702,01.07.2010 13:30:00,989.9,27.46,301.49,13.34,41.8,36.68,15.33,21.35,9.69,15.49,1140.39,1.17,2.6,304.0
78703,01.07.2010 13:40:00,989.86,27.98,302.02,12.9,39.4,37.81,14.9,22.91,9.41,15.05,1138.56,2.31,4.5,247.1
78704,01.07.2010 13:50:00,989.87,27.73,301.77,12.58,39.15,37.26,14.59,22.68,9.22,14.74,1139.65,2.23,4.16,335.9
78705,01.07.2010 14:00:00,989.84,27.51,301.55,12.73,40.04,36.79,14.73,22.06,9.31,14.88,1140.39,2.25,4.68,21.84
78706,01.07.2010 14:10:00,989.88,27.77,301.81,12.69,39.34,37.35,14.69,22.66,9.29,14.84,1139.47,1.84,4.28,265.7
78707,01.07.2010 14:20:00,989.9,27.98,302.02,12.69,38.88,37.81,14.7,23.11,9.29,14.85,1138.69,1.6,4.6,8.58
78708,01.07.2010 14:30:00,989.85,28.29,302.33,12.44,37.54,38.5,14.45,24.05,9.13,14.6,1137.57,1.25,3.0,277.7
78709,01.07.2010 14:40:00,989.83,28.22,302.26,12.57,38.04,38.34,14.59,23.76,9.22,14.74,1137.76,2.74,4.24,10.79
78710,01.07.2010 14:50:00,989.83,27.54,301.58,12.42,39.17,36.85,14.44,22.42,9.12,14.58,1140.39,2.43,4.6,17.61
78711,01.07.2010 15:00:00,989.74,27.54,301.59,12.44,39.22,36.85,14.45,22.4,9.13,14.6,1140.28,1.79,3.6,27.52
78712,01.07.2010 15:10:00,989.71,27.75,301.8,12.67,39.34,37.31,14.68,22.63,9.28,14.83,1139.35,1.22,2.88,9.14
78713,01.07.2010 15:20:00,989.69,28.02,302.07,12.98,39.53,37.9,14.98,22.92,9.47,15.14,1138.18,1.64,3.04,344.8
78714,01.07.2010 15:30:00,989.63,27.92,301.98,12.98,39.76,37.68,14.98,22.7,9.47,15.14,1138.48,1.41,3.08,321.5
78715,01.07.2010 15:40:00,989.6,27.58,301.64,12.81,40.09,36.94,14.81,22.13,9.36,14.96,1139.81,1.7,2.6,292.5
78716,01.07.2010 15:50:00,989.51,28.01,302.08,12.87,39.27,37.88,14.87,23.0,9.4,15.03,1138.05,1.04,1.76,225.7
78717,01.07.2010 16:00:00,989.48,29.03,303.11,13.08,37.51,40.18,15.07,25.11,9.53,15.23,1134.09,1.04,2.56,36.61
78718,01.07.2010 16:10:00,989.41,28.46,302.54,13.3,39.35,38.88,15.3,23.58,9.67,15.46,1136.05,1.93,4.2,20.67
78719,01.07.2010 16:20:00,989.36,27.86,301.94,13.2,40.46,37.55,15.19,22.36,9.61,15.36,1138.31,1.28,2.04,345.6
78720,01.07.2010 16:30:00,989.33,27.78,301.86,13.13,40.47,37.37,15.13,22.25,9.56,15.29,1138.6,0.67,1.64,348.5
78721,01.07.2010 16:40:00,989.23,28.32,302.42,13.36,39.81,38.57,15.35,23.21,9.71,15.52,1136.35,0.45,1.06,107.2
78722,01.07.2010 16:50:00,989.21,28.59,302.69,13.49,39.54,39.18,15.49,23.69,9.8,15.66,1135.25,1.0,1.82,10.97
78723,01.07.2010 17:00:00,989.15,27.99,302.09,13.53,41.03,37.83,15.52,22.31,9.82,15.69,1137.43,2.57,4.3,42.27
78724,01.07.2010 17:10:00,989.14,27.25,301.35,13.38,42.43,36.23,15.37,20.86,9.72,15.54,1140.28,2.42,3.74,61.44
78725,01.07.2010 17:20:00,989.11,26.78,300.88,13.34,43.5,35.25,15.33,19.92,9.7,15.5,1142.05,2.54,3.88,51.16
78726,01.07.2010 17:30:00,989.1,26.61,300.71,13.5,44.4,34.9,15.5,19.4,9.8,15.67,1142.62,2.47,4.12,56.19
78727,01.07.2010 17:40:00,989.11,26.47,300.57,13.47,44.68,34.61,15.47,19.15,9.78,15.64,1143.18,3.07,4.2,47.89
78728,01.07.2010 17:50:00,989.11,26.57,300.67,13.54,44.61,34.82,15.53,19.29,9.83,15.7,1142.77,2.39,3.6,43.33
78729,01.07.2010 18:00:00,989.11,26.55,300.65,13.7,45.13,34.78,15.69,19.08,9.93,15.87,1142.77,2.16,2.96,28.26
78730,01.07.2010 18:10:00,989.11,26.63,300.73,13.78,45.16,34.94,15.78,19.16,9.98,15.95,1142.43,2.28,3.16,31.62
78731,01.07.2010 18:20:00,989.1,26.71,300.81,13.7,44.73,35.1,15.7,19.4,9.93,15.88,1142.15,2.3,3.04,28.16
78732,01.07.2010 18:30:00,989.13,26.72,300.82,13.75,44.85,35.13,15.75,19.37,9.97,15.93,1142.12,2.0,2.72,24.88
78733,01.07.2010 18:40:00,989.11,26.73,300.83,13.63,44.46,35.15,15.63,19.52,9.89,15.8,1142.11,2.59,3.72,25.06
78734,01.07.2010 18:50:00,989.11,26.63,300.73,13.47,44.27,34.94,15.47,19.47,9.78,15.64,1142.57,2.71,3.8,25.76
78735,01.07.2010 19:00:00,989.17,26.31,300.4,13.65,45.63,34.29,15.65,18.64,9.9,15.82,1143.78,3.23,5.2,27.5
78736,01.07.2010 19:10:00,989.22,25.94,300.03,14.14,48.16,33.55,16.16,17.39,10.22,16.33,1145.03,2.91,4.48,24.47
78737,01.07.2010 19:20:00,989.22,25.62,299.71,14.49,50.2,32.92,16.52,16.39,10.46,16.7,1146.09,1.9,3.04,17.77
78738,01.07.2010 19:30:00,989.22,25.29,299.38,14.88,52.5,32.28,16.95,15.33,10.73,17.13,1147.17,2.03,3.88,22.63
78739,01.07.2010 19:40:00,989.19,24.89,298.98,15.15,54.71,31.52,17.24,14.28,10.92,17.43,1148.54,2.89,4.08,25.27
78740,01.07.2010 19:50:00,989.22,24.61,298.69,15.12,55.52,31.0,17.21,13.79,10.89,17.4,1149.67,2.63,3.58,29.86
78741,01.07.2010 20:00:00,989.23,24.34,298.42,14.88,55.56,30.5,16.95,13.55,10.73,17.13,1150.85,3.01,4.52,32.32
78742,01.07.2010 20:10:00,989.31,24.08,298.16,14.56,55.29,30.03,16.6,13.43,10.51,16.78,1152.1,3.07,4.4,33.62
78743,01.07.2010 20:20:00,989.43,23.77,297.83,14.66,56.7,29.48,16.71,12.76,10.57,16.89,1153.39,2.89,4.2,30.98
78744,01.07.2010 20:30:00,989.48,23.47,297.53,14.65,57.66,28.95,16.69,12.26,10.56,16.87,1154.63,3.0,4.14,20.91
78745,01.07.2010 20:40:00,989.57,23.35,297.4,14.64,58.04,28.74,16.68,12.06,10.55,16.86,1155.21,2.08,2.96,18.89
78746,01.07.2010 20:50:00,989.64,23.19,297.23,14.67,58.73,28.46,16.72,11.75,10.57,16.89,1155.9,1.78,2.52,353.4
78747,01.07.2010 21:00:00,989.78,22.92,296.95,14.68,59.73,28.0,16.73,11.28,10.58,16.9,1157.11,1.91,2.48,341.9
78748,01.07.2010 21:10:00,989.88,22.69,296.71,14.69,60.63,27.62,16.74,10.87,10.59,16.91,1158.12,1.95,2.48,334.4
78749,01.07.2010 21:20:00,989.93,22.6,296.62,14.62,60.68,27.47,16.67,10.8,10.54,16.84,1158.57,1.81,2.24,346.1
78750,01.07.2010 21:30:00,990.03,22.49,296.5,14.5,60.59,27.28,16.53,10.75,10.45,16.7,1159.18,1.71,2.32,336.8
78751,01.07.2010 21:40:00,990.15,22.41,296.41,14.38,60.42,27.15,16.4,10.75,10.37,16.57,1159.69,1.58,2.04,350.1
78752,01.07.2010 21:50:00,990.2,22.3,296.29,14.45,61.13,26.97,16.49,10.48,10.42,16.65,1160.14,1.41,1.7,0.35
78753,01.07.2010 22:00:00,990.21,22.1,296.09,14.49,62.02,26.64,16.52,10.12,10.45,16.69,1160.92,1.06,1.76,292.9
78754,01.07.2010 22:10:00,990.21,21.78,295.77,14.52,63.38,26.13,16.56,9.57,10.47,16.72,1162.17,0.82,1.24,347.4
78755,01.07.2010 22:20:00,990.22,21.91,295.9,14.61,63.22,26.34,16.65,9.69,10.53,16.81,1161.62,0.65,1.12,344.9
78756,01.07.2010 22:30:00,990.28,21.75,295.74,14.62,63.89,26.08,16.66,9.42,10.53,16.83,1162.32,0.4,0.72,95.1
78757,01.07.2010 22:40:00,990.34,21.33,295.31,14.66,65.71,25.42,16.7,8.72,10.56,16.87,1164.03,0.46,0.74,63.06
78758,01.07.2010 22:50:00,990.36,21.32,295.3,14.73,66.07,25.4,16.78,8.62,10.61,16.95,1164.06,0.35,0.66,30.67
78759,01.07.2010 23:00:00,990.38,20.95,294.92,14.74,67.63,24.83,16.79,8.04,10.62,16.96,1165.54,0.26,0.56,49.54
78760,01.07.2010 23:10:00,990.38,20.79,294.76,14.8,68.54,24.59,16.85,7.74,10.65,17.02,1166.15,0.21,0.6,72.2
78761,01.07.2010 23:20:00,990.45,20.79,294.76,14.75,68.34,24.59,16.8,7.79,10.62,16.97,1166.25,0.22,0.6,70.2
78762,01.07.2010 23:30:00,990.46,20.5,294.47,14.72,69.42,24.15,16.77,7.39,10.6,16.93,1167.43,0.15,0.36,10.96
78763,01.07.2010 23:40:00,990.47,20.5,294.47,14.7,69.33,24.15,16.75,7.41,10.58,16.91,1167.46,0.33,0.84,237.9
78764,01.07.2010 23:50:00,990.46,20.22,294.19,14.38,69.13,23.74,16.41,7.33,10.37,16.57,1168.71,0.75,1.18,223.0
78765,02.07.2010 00:00:00,990.46,19.89,293.85,14.21,69.76,23.26,16.23,7.03,10.25,16.38,1170.11,0.46,0.96,228.8
78766,01.07.2010 00:10:00,992.06,17.87,291.69,14.06,78.4,20.5,16.07,4.43,10.14,16.2,1180.21,0.31,0.56,51.11
78767,01.07.2010 00:20:00,992.02,17.82,291.65,14.03,78.5,20.44,16.04,4.39,10.12,16.17,1180.38,0.23,0.48,52.64
78768,01.07.2010 00:30:00,992.04,17.92,291.75,14.09,78.3,20.57,16.1,4.46,10.16,16.23,1179.97,0.18,0.4,22.1
78769,01.07.2010 00:40:00,991.96,17.82,291.65,14.02,78.4,20.44,16.02,4.41,10.11,16.15,1180.32,0.19,0.4,354.8
78770,01.07.2010 00:50:00,991.9,17.54,291.38,13.96,79.5,20.08,15.96,4.12,10.07,16.1,1181.41,0.24,0.98,21.4
78771,01.07.2010 01:00:00,991.81,17.35,291.19,13.87,80.0,19.84,15.87,3.97,10.02,16.0,1182.12,0.44,0.96,49.64
78772,01.07.2010 01:10:00,991.81,17.11,290.95,13.83,81.0,19.54,15.83,3.71,9.99,15.96,1183.11,0.34,0.76,296.1
78773,01.07.2010 01:20:00,991.85,16.9,290.74,13.74,81.6,19.28,15.74,3.55,9.93,15.87,1184.06,1.21,1.76,239.5
78774,01.07.2010 01:30:00,991.82,16.87,290.71,13.61,81.1,19.25,15.61,3.64,9.85,15.74,1184.21,1.75,2.28,222.2
78775,01.07.2010 01:40:00,991.81,16.69,290.53,13.59,81.9,19.03,15.58,3.44,9.83,15.71,1184.94,1.04,1.64,209.9
78776,01.07.2010 01:50:00,991.81,16.53,290.37,13.6,82.8,18.84,15.6,3.24,9.84,15.73,1185.59,0.85,1.36,211.8
78777,01.07.2010 02:00:00,991.69,16.39,290.24,13.57,83.4,18.67,15.57,3.1,9.82,15.7,1186.03,0.83,1.12,212.9
78778,01.07.2010 02:10:00,991.6,16.28,290.14,13.56,83.9,18.54,15.55,2.98,9.81,15.69,1186.38,0.66,1.12,203.0
78779,01.07.2010 02:20:00,991.53,16.23,290.09,13.58,84.3,18.48,15.58,2.9,9.83,15.71,1186.49,0.44,1.14,227.9
78780,01.07.2010 02:30:00,991.42,16.17,290.04,13.56,84.5,18.41,15.56,2.85,9.82,15.69,1186.61,0.73,1.44,239.1
78781,01.07.2010 02:40:00,991.35,16.16,290.04,13.53,84.4,18.4,15.53,2.87,9.8,15.66,1186.58,0.6,1.16,228.9
78782,01.07.2010 02:50:00,991.35,16.05,289.93,13.39,84.2,18.27,15.38,2.89,9.71,15.52,1187.1,1.05,2.12,204.9
78783,01.07.2010 03:00:00,991.32,15.59,289.47,13.17,85.5,17.74,15.17,2.57,9.57,15.3,1189.05,1.38,2.2,206.2
78784,01.07.2010 03:10:00,991.22,15.37,289.26,13.22,87.0,17.49,15.22,2.27,9.6,15.35,1189.82,1.47,1.96,219.0
78785,01.07.2010 03:20:00,991.2,15.39,289.28,13.24,87.0,17.51,15.24,2.28,9.62,15.37,1189.7,1.35,1.88,201.4
78786,01.07.2010 03:30:00,991.2,15.3,289.19,13.19,87.2,17.41,15.18,2.23,9.58,15.32,1190.1,0.83,1.56,196.0
78787,01.07.2010 03:40:00,991.16,15.26,289.15,13.18,87.4,17.37,15.18,2.19,9.58,15.31,1190.22,0.82,1.24,204.7
78788,01.07.2010 03:50:00,991.08,15.18,289.08,13.12,87.5,17.28,15.12,2.16,9.54,15.25,1190.48,0.7,1.32,183.1
78789,01.07.2010 04:00:00,990.97,15.07,288.98,13.05,87.7,17.16,15.05,2.11,9.5,15.18,1190.83,0.93,1.52,178.1
78790,01.07.2010 04:10:00,991.02,14.96,288.86,13.01,88.1,17.03,15.01,2.03,9.47,15.14,1191.36,0.27,0.68,37.65
78791,01.07.2010 04:20:00,991.09,14.87,288.77,12.94,88.2,16.94,14.94,2.0,9.43,15.07,1191.85,0.46,0.78,82.3
78792,01.07.2010 04:30:00,991.16,14.76,288.65,12.92,88.7,16.82,14.92,1.9,9.41,15.05,1192.4,0.51,1.24,118.5
78793,01.07.2010 04:40:00,991.2,14.58,288.47,12.74,88.7,16.62,14.74,1.88,9.3,14.87,1193.28,1.02,1.96,147.1
78794,01.07.2010 04:50:00,991.15,14.5,288.39,12.78,89.4,16.54,14.78,1.75,9.33,14.92,1193.53,0.42,0.96,175.3
78795,01.07.2010 05:00:00,991.09,14.82,288.72,13.03,89.0,16.88,15.02,1.86,9.48,15.16,1192.02,0.39,0.68,167.7
78796,01.07.2010 05:10:00,991.12,15.49,289.39,13.21,86.3,17.62,15.21,2.41,9.6,15.35,1189.2,0.5,0.92,169.9
78797,01.07.2010 05:20:00,991.16,16.0,289.9,13.15,83.2,18.21,15.15,3.06,9.56,15.29,1187.18,0.77,1.08,163.5
78798,01.07.2010 05:30:00,991.08,16.09,289.99,13.04,82.1,18.32,15.04,3.28,9.49,15.17,1186.77,1.07,2.4,143.0
78799,01.07.2010 05:40:00,991.08,16.2,290.1,13.13,82.0,18.44,15.12,3.32,9.55,15.26,1186.28,0.87,1.32,174.4
78800,01.07.2010 05:50:00,991.08,16.76,290.66,13.3,80.0,19.11,15.29,3.82,9.65,15.43,1183.91,0.86,1.4,196.9
78801,01.07.2010 06:00:00,991.05,17.2,291.11,13.34,78.0,19.65,15.33,4.32,9.68,15.47,1182.06,0.79,1.26,148.7
78802,01.07.2010 06:10:00,991.0,17.76,291.67,13.5,76.1,20.36,15.5,4.87,9.78,15.64,1179.65,0.4,0.92,112.2
78803,01.07.2010 06:20:00,991.05,18.24,292.15,13.53,74.0,20.99,15.53,5.46,9.8,15.67,1177.75,0.58,1.04,86.9
78804,01.07.2010 06:30:00,991.03,18.56,292.47,13.61,72.9,21.41,15.61,5.8,9.86,15.75,1176.4,0.74,1.52,99.7
78805,01.07.2010 06:40:00,991.08,18.74,292.65,13.66,72.3,21.65,15.66,6.0,9.88,15.8,1175.71,1.01,1.96,94.1
78806,01.07.2010 06:50:00,991.24,18.04,291.93,13.44,74.5,20.72,15.44,5.28,9.75,15.58,1178.83,1.24,1.96,49.94
78807,01.07.2010 07:00:00,991.3,18.55,292.44,13.69,73.3,21.4,15.68,5.71,9.9,15.82,1176.73,0.82,2.0,45.35
78808,01.07.2010 07:10:00,991.32,19.29,293.18,13.86,70.8,22.41,15.87,6.54,10.02,16.01,1173.69,1.15,1.92,50.16
78809,01.07.2010 07:20:00,991.32,19.46,293.35,13.98,70.6,22.65,15.99,6.66,10.09,16.13,1172.96,1.51,2.96,44.23
78810,01.07.2010 07:30:00,991.32,19.34,293.23,14.17,72.0,22.48,16.19,6.29,10.22,16.33,1173.35,2.44,3.52,30.21
78811,01.07.2010 07:40:00,991.29,19.67,293.56,14.4,71.6,22.95,16.43,6.52,10.37,16.57,1171.88,1.86,2.96,11.89
78812,01.07.2010 07:50:00,991.19,20.11,294.01,14.04,68.08,23.58,16.05,7.53,10.14,16.2,1170.17,2.62,3.98,34.58
78813,01.07.2010 08:00:00,991.13,20.49,294.4,14.06,66.56,24.14,16.07,8.07,10.15,16.21,1168.58,2.36,3.8,21.63
78814,01.07.2010 08:10:00,991.08,21.08,295.0,14.22,64.85,25.03,16.23,8.8,10.25,16.38,1166.11,2.05,3.24,30.21
78815,01.07.2010 08:20:00,991.03,21.48,295.4,14.29,63.6,25.65,16.32,9.34,10.3,16.46,1164.43,1.93,3.08,50.9
78816,01.07.2010 08:30:00,991.0,21.63,295.55,14.47,63.74,25.89,16.5,9.39,10.42,16.65,1163.72,1.38,2.28,51.85
78817,01.07.2010 08:40:00,991.05,22.19,296.11,14.74,62.69,26.79,16.79,10.0,10.61,16.95,1161.44,1.38,2.28,62.64
78818,01.07.2010 08:50:00,991.06,22.71,296.63,14.95,61.58,27.65,17.03,10.62,10.76,17.18,1159.31,0.99,2.12,87.0
78819,01.07.2010 09:00:00,990.92,23.23,297.16,15.15,60.44,28.53,17.25,11.29,10.9,17.4,1157.01,1.61,2.44,142.1
78820,01.07.2010 09:10:00,990.87,23.69,297.63,15.14,58.74,29.33,17.23,12.1,10.89,17.39,1155.16,1.13,2.2,192.8
78821,01.07.2010 09:20:00,990.74,23.85,297.8,15.09,58.0,29.62,17.18,12.44,10.86,17.34,1154.41,0.93,2.0,205.9
78822,01.07.2010 09:30:00,990.7,24.49,298.45,15.26,56.43,30.78,17.37,13.41,10.98,17.53,1151.8,1.06,1.98,177.0
78823,01.07.2010 09:40:00,990.71,24.63,298.59,15.09,55.35,31.04,17.18,13.86,10.86,17.34,1151.35,1.37,1.96,134.8
78824,01.07.2010 09:50:00,990.64,25.17,299.13,15.17,53.88,32.05,17.27,14.78,10.91,17.43,1149.15,1.02,2.16,186.7
78825,01.07.2010 10:00:00,990.61,26.34,300.31,15.35,50.84,34.35,17.46,16.89,11.04,17.63,1144.54,0.66,1.84,161.1
78826,01.07.2010 10:10:00,990.58,26.28,300.25,15.2,50.53,34.23,17.3,16.93,10.93,17.46,1144.81,1.41,2.74,111.8
78827,01.07.2010 10:20:00,990.58,25.58,299.55,15.02,52.07,32.84,17.1,15.74,10.81,17.26,1147.58,1.82,2.88,68.12
78828,01.07.2010 10:30:00,990.59,25.83,299.8,14.98,51.16,33.33,17.05,16.28,10.78,17.21,1146.65,1.53,2.92,63.25
78829,01.07.2010 10:40:00,990.58,26.19,300.16,14.94,49.97,34.05,17.01,17.03,10.75,17.17,1145.28,1.38,2.92,75.8
78830,01.07.2010 10:50:00,990.58,27.14,301.11,14.4,45.63,36.0,16.43,19.57,10.38,16.58,1141.91,0.79,2.76,66.11
78831,01.07.2010 11:00:00,990.57,27.13,301.1,13.06,41.86,35.98,15.06,20.92,9.51,15.2,1142.53,2.32,3.72,24.82
78832,01.07.2010 11:10:00,990.57,26.57,300.54,12.73,42.33,34.82,14.74,20.08,9.31,14.88,1144.81,1.55,3.14,330.4
78833,01.07.2010 11:20:00,990.47,27.17,301.15,12.67,40.7,36.07,14.68,21.39,9.27,14.82,1142.43,1.65,3.44,23.77
78834,01.07.2010 11:30:00,990.45,27.26,301.25,12.79,40.81,36.26,14.8,21.46,9.34,14.94,1142.02,1.82,3.88,20.44
78835,01.07.2010 11:40:00,990.38,27.25,301.24,11.8,38.26,36.23,13.86,22.37,8.75,14.0,1142.38,1.98,3.64,330.9
78836,01.07.2010 11:50:00,990.35,27.34,301.33,12.12,38.86,36.43,14.16,22.27,8.94,14.29,1141.88,1.81,3.52,287.8
78837,01.07.2010 12:00:00,990.24,27.9,301.91,12.51,38.59,37.64,14.52,23.11,9.17,14.67,1139.47,1.85,4.72,217.9
78838,01.07.2010 12:10:00,990.25,27.98,301.99,13.01,39.68,37.81,15.0,22.81,9.48,15.15,1138.97,2.51,4.24,240.2
78839,01.07.2010 12:20:00,990.24,27.7,301.71,12.96,40.21,37.2,14.96,22.24,9.45,15.11,1140.03,1.94,4.4,311.1
78840,01.07.2010 12:30:00,990.13,27.04,301.05,12.94,41.75,35.79,14.94,20.85,9.44,15.09,1142.42,3.12,5.32,28.32
78841,01.07.2010 12:40:00,990.05,26.94,300.96,12.47,40.71,35.58,14.49,21.1,9.15,14.63,1142.91,1.54,3.0,329.4
78842,01.07.2010 12:50:00,989.99,27.7,301.73,13.1,40.58,37.2,15.1,22.1,9.54,15.25,1139.68,2.2,3.52,336.6
78843,01.07.2010 13:00:00,989.96,27.62,301.65,13.32,41.35,37.03,15.31,21.72,9.68,15.47,1139.86,2.49,5.16,29.67
78844,01.07.2010 13:10:00,990.0,27.22,301.24,12.84,41.04,36.17,14.84,21.33,9.38,14.99,1141.63,1.96,4.84,37.34
78845,01.07.2010 13:20:00,989.96,27.55,301.58,13.32,41.52,36.88,15.31,21.56,9.68,15.47,1140.12,1.7,3.32,325.7
78846,01.07.2010 13:30:00,989.9,27.46,301.49,13.34,41.8,36.68,15.33,21.35,9.69,15.49,1140.39,1.17,2.6,304.0
78847,01.07.2010 13:40:00,989.86,27.98,302.02,12.9,39.4,37.81,14.9,22.91,9.41,15.05,1138.56,2.31,4.5,247.1
78848,01.07.2010 13:50:00,989.87,27.73,301.77,12.58,39.15,37.26,14.59,22.68,9.22,14.74,1139.65,2.23,4.16,335.9
78849,01.07.2010 14:00:00,989.84,27.51,301.55,12.73,40.04,36.79,14.73,22.06,9.31,14.88,1140.39,2.25,4.68,21.84
78850,01.07.2010 14:10:00,989.88,27.77,301.81,12.69,39.34,37.35,14.69,22.66,9.29,14.84,1139.47,1.84,4.28,265.7
78851,01.07.2010 14:20:00,989.9,27.98,302.02,12.69,38.88,37.81,14.7,23.11,9.29,14.85,1138.69,1.6,4.6,8.58
78852,01.07.2010 14:30:00,989.85,28.29,302.33,12.44,37.54,38.5,14.45,24.05,9.13,14.6,1137.57,1.25,3.0,277.7
78853,01.07.2010 14:40:00,989.83,28.22,302.26,12.57,38.04,38.34,14.59,23.76,9.22,14.74,1137.76,2.74,4.24,10.79
78854,01.07.2010 14:50:00,989.83,27.54,301.58,12.42,39.17,36.85,14.44,22.42,9.12,14.58,1140.39,2.43,4.6,17.61
78855,01.07.2010 15:00:00,989.74,27.54,301.59,12.44,39.22,36.85,14.45,22.4,9.13,14.6,1140.28,1.79,3.6,27.52
78856,01.07.2010 15:10:00,989.71,27.75,301.8,12.67,39.34,37.31,14.68,22.63,9.28,14.83,1139.35,1.22,2.88,9.14
78857,01.07.2010 15:20:00,989.69,28.02,302.07,12.98,39.53,37.9,14.98,22.92,9.47,15.14,1138.18,1.64,3.04,344.8
78858,01.07.2010 15:30:00,989.63,27.92,301.98,12.98,39.76,37.68,14.98,22.7,9.47,15.14,1138.48,1.41,3.08,321.5
78859,01.07.2010 15:40:00,989.6,27.58,301.64,12.81,40.09,36.94,14.81,22.13,9.36,14.96,1139.81,1.7,2.6,292.5
78860,01.07.2010 15:50:00,989.51,28.01,302.08,12.87,39.27,37.88,14.87,23.0,9.4,15.03,1138.05,1.04,1.76,225.7
78861,01.07.2010 16:00:00,989.48,29.03,303.11,13.08,37.51,40.18,15.07,25.11,9.53,15.23,1134.09,1.04,2.56,36.61
78862,01.07.2010 16:10:00,989.41,28.46,302.54,13.3,39.35,38.88,15.3,23.58,9.67,15.46,1136.05,1.93,4.2,20.67
78863,01.07.2010 16:20:00,989.36,27.86,301.94,13.2,40.46,37.55,15.19,22.36,9.61,15.36,1138.31,1.28,2.04,345.6
78864,01.07.2010 16:30:00,989.33,27.78,301.86,13.13,40.47,37.37,15.13,22.25,9.56,15.29,1138.6,0.67,1.64,348.5
78865,01.07.2010 16:40:00,989.23,28.32,302.42,13.36,39.81,38.57,15.35,23.21,9.71,15.52,1136.35,0.45,1.06,107.2
78866,01.07.2010 16:50:00,989.21,28.59,302.69,13.49,39.54,39.18,15.49,23.69,9.8,15.66,1135.25,1.0,1.82,10.97
78867,01.07.2010 17:00:00,989.15,27.99,302.09,13.53,41.03,37.83,15.52,22.31,9.82,15.69,1137.43,2.57,4.3,42.27
78868,01.07.2010 17:10:00,989.14,27.25,301.35,13.38,42.43,36.23,15.37,20.86,9.72,15.54,1140.28,2.42,3.74,61.44
78869,01.07.2010 17:20:00,989.11,26.78,300.88,13.34,43.5,35.25,15.33,19.92,9.7,15.5,1142.05,2.54,3.88,51.16
78870,01.07.2010 17:30:00,989.1,26.61,300.71,13.5,44.4,34.9,15.5,19.4,9.8,15.67,1142.62,2.47,4.12,56.19
78871,01.07.2010 17:40:00,989.11,26.47,300.57,13.47,44.68,34.61,15.47,19.15,9.78,15.64,1143.18,3.07,4.2,47.89
78872,01.07.2010 17:50:00,989.11,26.57,300.67,13.54,44.61,34.82,15.53,19.29,9.83,15.7,1142.77,2.39,3.6,43.33
78873,01.07.2010 18:00:00,989.11,26.55,300.65,13.7,45.13,34.78,15.69,19.08,9.93,15.87,1142.77,2.16,2.96,28.26
78874,01.07.2010 18:10:00,989.11,26.63,300.73,13.78,45.16,34.94,15.78,19.16,9.98,15.95,1142.43,2.28,3.16,31.62
78875,01.07.2010 18:20:00,989.1,26.71,300.81,13.7,44.73,35.1,15.7,19.4,9.93,15.88,1142.15,2.3,3.04,28.16
78876,01.07.2010 18:30:00,989.13,26.72,300.82,13.75,44.85,35.13,15.75,19.37,9.97,15.93,1142.12,2.0,2.72,24.88
78877,01.07.2010 18:40:00,989.11,26.73,300.83,13.63,44.46,35.15,15.63,19.52,9.89,15.8,1142.11,2.59,3.72,25.06
78878,01.07.2010 18:50:00,989.11,26.63,300.73,13.47,44.27,34.94,15.47,19.47,9.78,15.64,1142.57,2.71,3.8,25.76
78879,01.07.2010 19:00:00,989.17,26.31,300.4,13.65,45.63,34.29,15.65,18.64,9.9,15.82,1143.78,3.23,5.2,27.5
78880,01.07.2010 19:10:00,989.22,25.94,300.03,14.14,48.16,33.55,16.16,17.39,10.22,16.33,1145.03,2.91,4.48,24.47
78881,01.07.2010 19:20:00,989.22,25.62,299.71,14.49,50.2,32.92,16.52,16.39,10.46,16.7,1146.09,1.9,3.04,17.77
78882,01.07.2010 19:30:00,989.22,25.29,299.38,14.88,52.5,32.28,16.95,15.33,10.73,17.13,1147.17,2.03,3.88,22.63
78883,01.07.2010 19:40:00,989.19,24.89,298.98,15.15,54.71,31.52,17.24,14.28,10.92,17.43,1148.54,2.89,4.08,25.27
78884,01.07.2010 19:50:00,989.22,24.61,298.69,15.12,55.52,31.0,17.21,13.79,10.89,17.4,1149.67,2.63,3.58,29.86
78885,01.07.2010 20:00:00,989.23,24.34,298.42,14.88,55.56,30.5,16.95,13.55,10.73,17.13,1150.85,3.01,4.52,32.32
78886,01.07.2010 20:10:00,989.31,24.08,298.16,14.56,55.29,30.03,16.6,13.43,10.51,16.78,1152.1,3.07,4.4,33.62
78887,01.07.2010 20:20:00,989.43,23.77,297.83,14.66,56.7,29.48,16.71,12.76,10.57,16.89,1153.39,2.89,4.2,30.98
78888,01.07.2010 20:30:00,989.48,23.47,297.53,14.65,57.66,28.95,16.69,12.26,10.56,16.87,1154.63,3.0,4.14,20.91
78889,01.07.2010 20:40:00,989.57,23.35,297.4,14.64,58.04,28.74,16.68,12.06,10.55,16.86,1155.21,2.08,2.96,18.89
78890,01.07.2010 20:50:00,989.64,23.19,297.23,14.67,58.73,28.46,16.72,11.75,10.57,16.89,1155.9,1.78,2.52,353.4
78891,01.07.2010 21:00:00,989.78,22.92,296.95,14.68,59.73,28.0,16.73,11.28,10.58,16.9,1157.11,1.91,2.48,341.9
78892,01.07.2010 21:10:00,989.88,22.69,296.71,14.69,60.63,27.62,16.74,10.87,10.59,16.91,1158.12,1.95,2.48,334.4
78893,01.07.2010 21:20:00,989.93,22.6,296.62,14.62,60.68,27.47,16.67,10.8,10.54,16.84,1158.57,1.81,2.24,346.1
78894,01.07.2010 21:30:00,990.03,22.49,296.5,14.5,60.59,27.28,16.53,10.75,10.45,16.7,1159.18,1.71,2.32,336.8
78895,01.07.2010 21:40:00,990.15,22.41,296.41,14.38,60.42,27.15,16.4,10.75,10.37,16.57,1159.69,1.58,2.04,350.1
78896,01.07.2010 21:50:00,990.2,22.3,296.29,14.45,61.13,26.97,16.49,10.48,10.42,16.65,1160.14,1.41,1.7,0.35
78897,01.07.2010 22:00:00,990.21,22.1,296.09,14.49,62.02,26.64,16.52,10.12,10.45,16.69,1160.92,1.06,1.76,292.9
78898,01.07.2010 22:10:00,990.21,21.78,295.77,14.52,63.38,26.13,16.56,9.57,10.47,16.72,1162.17,0.82,1.24,347.4
78899,01.07.2010 22:20:00,990.22,21.91,295.9,14.61,63.22,26.34,16.65,9.69,10.53,16.81,1161.62,0.65,1.12,344.9
78900,01.07.2010 22:30:00,990.28,21.75,295.74,14.62,63.89,26.08,16.66,9.42,10.53,16.83,1162.32,0.4,0.72,95.1
78901,01.07.2010 22:40:00,990.34,21.33,295.31,14.66,65.71,25.42,16.7,8.72,10.56,16.87,1164.03,0.46,0.74,63.06
78902,01.07.2010 22:50:00,990.36,21.32,295.3,14.73,66.07,25.4,16.78,8.62,10.61,16.95,1164.06,0.35,0.66,30.67
78903,01.07.2010 23:00:00,990.38,20.95,294.92,14.74,67.63,24.83,16.79,8.04,10.62,16.96,1165.54,0.26,0.56,49.54
78904,01.07.2010 23:10:00,990.38,20.79,294.76,14.8,68.54,24.59,16.85,7.74,10.65,17.02,1166.15,0.21,0.6,72.2
78905,01.07.2010 23:20:00,990.45,20.79,294.76,14.75,68.34,24.59,16.8,7.79,10.62,16.97,1166.25,0.22,0.6,70.2
78906,01.07.2010 23:30:00,990.46,20.5,294.47,14.72,69.42,24.15,16.77,7.39,10.6,16.93,1167.43,0.15,0.36,10.96
78907,01.07.2010 23:40:00,990.47,20.5,294.47,14.7,69.33,24.15,16.75,7.41,10.58,16.91,1167.46,0.33,0.84,237.9
78908,01.07.2010 23:50:00,990.46,20.22,294.19,14.38,69.13,23.74,16.41,7.33,10.37,16.57,1168.71,0.75,1.18,223.0
78909,02.07.2010 00:00:00,990.46,19.89,293.85,14.21,69.76,23.26,16.23,7.03,10.25,16.38,1170.11,0.46,0.96,228.8
274382,20.03.2014 11:00:00,993.84,15.63,289.3,4.38,47.0,17.78,8.36,9.43,5.25,8.41,1195.03,3.59,5.12,144.0
274383,20.03.2014 11:10:00,993.73,16.2,289.88,4.51,45.72,18.44,8.43,10.01,5.3,8.49,1192.52,3.41,5.52,146.4
274384,20.03.2014 11:20:00,993.58,16.3,289.99,4.33,44.86,18.56,8.33,10.24,5.23,8.38,1191.97,3.52,5.32,143.2
274385,20.03.2014 11:30:00,993.5,16.72,290.42,4.37,43.82,19.07,8.35,10.71,5.25,8.41,1190.13,3.72,5.64,152.8
274386,20.03.2014 11:40:00,993.36,17.44,291.15,2.47,36.59,19.95,7.3,12.65,4.58,7.35,1187.49,3.25,5.16,211.9
274387,20.03.2014 11:50:00,993.24,17.65,291.37,2.24,35.52,20.22,7.18,13.04,4.51,7.23,1186.55,3.51,5.48,208.2
274388,20.03.2014 12:00:00,993.06,17.93,291.67,2.51,35.56,20.58,7.32,13.26,4.6,7.37,1185.13,2.66,3.88,204.3
274389,20.03.2014 12:10:00,992.98,18.11,291.86,2.5,35.15,20.82,7.32,13.5,4.6,7.37,1184.3,3.32,4.8,211.7
274390,20.03.2014 12:20:00,992.82,18.06,291.82,2.28,34.7,20.75,7.2,13.55,4.52,7.25,1184.37,2.34,4.72,215.9
274391,20.03.2014 12:30:00,992.69,18.49,292.26,2.17,33.52,21.32,7.15,14.17,4.49,7.2,1182.49,2.94,4.88,209.0
274392,20.03.2014 12:40:00,992.57,18.83,292.61,3.2,35.31,21.78,7.69,14.09,4.83,7.75,1180.72,2.74,3.84,187.7
274393,20.03.2014 12:50:00,992.32,18.99,292.79,3.79,36.44,21.99,8.01,13.98,5.04,8.08,1179.63,3.89,5.64,160.0
274394,20.03.2014 13:00:00,992.18,18.95,292.77,3.81,36.6,21.94,8.03,13.91,5.05,8.09,1179.62,4.05,7.04,153.2
274395,20.03.2014 13:10:00,991.98,18.99,292.82,2.71,33.76,21.99,7.43,14.57,4.67,7.49,1179.49,5.19,7.04,181.4
274396,20.03.2014 13:20:00,991.82,18.93,292.78,3.34,35.44,21.91,7.77,14.15,4.88,7.83,1179.39,3.16,5.42,168.7
274397,20.03.2014 13:30:00,991.58,19.2,293.07,3.68,35.71,22.28,7.96,14.33,5.01,8.03,1177.93,3.07,5.52,174.0
274398,20.03.2014 13:40:00,991.39,19.32,293.2,3.57,35.16,22.45,7.89,14.56,4.97,7.96,1177.25,3.88,7.02,148.0
274399,20.03.2014 13:50:00,991.18,19.2,293.1,3.13,34.34,22.28,7.65,14.63,4.82,7.72,1177.59,3.74,5.68,154.7
274400,20.03.2014 14:00:00,991.02,19.44,293.36,2.83,33.1,22.62,7.49,15.13,4.71,7.56,1176.51,3.5,5.8,160.9
274401,20.03.2014 14:10:00,990.84,19.64,293.57,3.09,33.32,22.9,7.63,15.27,4.8,7.7,1175.43,3.79,6.4,161.1
274402,20.03.2014 14:20:00,990.69,19.67,293.61,2.89,32.79,22.95,7.52,15.42,4.74,7.59,1175.18,4.02,5.76,159.9
274403,20.03.2014 14:30:00,990.59,19.73,293.68,2.75,32.34,23.03,7.45,15.58,4.69,7.52,1174.85,3.88,6.14,168.5
274404,20.03.2014 14:40:00,990.5,19.8,293.76,2.44,31.49,23.13,7.28,15.85,4.59,7.35,1174.54,3.76,5.68,157.6
274405,20.03.2014 14:50:00,990.28,19.78,293.76,2.32,31.26,23.1,7.22,15.88,4.55,7.29,1174.38,3.59,6.6,172.8
274406,20.03.2014 15:00:00,990.1,19.82,293.81,1.17,28.71,23.16,6.65,16.51,4.19,6.72,1174.27,4.33,6.6,165.1
274407,20.03.2014 15:10:00,989.93,19.97,293.98,0.97,28.03,23.38,6.55,16.82,4.13,6.62,1173.51,4.15,6.66,168.2
274408,20.03.2014 15:20:00,989.78,20.06,294.08,0.9,27.74,23.51,6.52,16.99,4.11,6.59,1172.98,4.19,7.28,179.5
274409,20.03.2014 15:30:00,989.61,19.63,293.67,1.04,28.78,22.89,6.59,16.3,4.15,6.66,1174.47,4.86,6.81,204.3
274410,20.03.2014 15:40:00,989.49,19.81,293.86,1.65,29.74,23.15,6.88,16.26,4.34,6.96,1173.47,4.97,7.36,175.3
274411,20.03.2014 15:50:00,989.34,19.97,294.03,1.98,30.15,23.38,7.05,16.33,4.44,7.12,1172.58,4.75,6.64,178.3
274412,20.03.2014 16:00:00,989.14,20.03,294.11,2.15,30.41,23.46,7.14,16.33,4.5,7.21,1172.07,3.48,5.72,183.3
274413,20.03.2014 16:10:00,988.92,20.5,294.6,2.53,30.34,24.15,7.33,16.83,4.62,7.41,1169.84,3.17,5.0,178.5
274414,20.03.2014 16:20:00,988.78,20.52,294.63,2.48,30.21,24.18,7.31,16.88,4.61,7.39,1169.61,3.64,4.92,188.1
274415,20.03.2014 16:30:00,988.67,20.43,294.55,1.54,28.4,24.05,6.83,17.22,4.31,6.91,1170.05,4.94,7.97,177.5
274416,20.03.2014 16:40:00,988.53,20.25,294.38,1.51,28.64,23.78,6.81,16.97,4.3,6.89,1170.61,5.01,7.81,180.1
274417,20.03.2014 16:50:00,988.35,20.16,294.3,1.89,29.6,23.65,7.0,16.65,4.42,7.08,1170.67,4.91,7.04,172.2
274418,20.03.2014 17:00:00,988.31,20.0,294.15,2.2,30.57,23.42,7.16,16.26,4.52,7.24,1171.19,6.12,8.13,170.9
274419,20.03.2014 17:10:00,988.25,19.74,293.89,2.4,31.51,23.05,7.26,15.78,4.58,7.35,1172.11,3.82,5.28,181.5
274420,20.03.2014 17:20:00,988.24,19.47,293.62,2.08,31.32,22.66,7.1,15.56,4.48,7.18,1173.25,4.85,7.36,186.6
274421,20.03.2014 17:30:00,988.16,19.14,293.3,2.01,31.81,22.2,7.06,15.14,4.46,7.15,1174.5,5.28,6.97,191.5
274422,20.03.2014 17:40:00,988.07,18.86,293.02,2.21,32.84,21.82,7.16,14.65,4.52,7.25,1175.47,4.88,6.6,193.4
274423,20.03.2014 17:50:00,987.96,18.65,292.82,2.26,33.39,21.53,7.19,14.34,4.54,7.28,1176.18,4.36,6.12,191.6
274424,20.03.2014 18:00:00,987.75,18.38,292.57,2.29,34.04,21.17,7.21,13.96,4.55,7.3,1177.01,3.99,5.8,189.0
274425,20.03.2014 18:10:00,987.63,18.12,292.32,2.23,34.45,20.83,7.18,13.65,4.53,7.27,1177.93,4.39,6.7,192.1
274426,20.03.2014 18:20:00,987.51,17.98,292.19,2.28,34.89,20.65,7.2,13.44,4.55,7.29,1178.34,4.59,6.24,192.7
274427,20.03.2014 18:30:00,987.36,17.79,292.01,2.29,35.33,20.4,7.21,13.19,4.55,7.3,1178.93,4.6,6.08,193.1
274428,20.03.2014 18:40:00,987.28,17.47,291.7,2.26,35.97,19.99,7.19,12.8,4.54,7.28,1180.13,3.65,5.44,194.5
274429,20.03.2014 18:50:00,987.17,17.24,291.47,2.22,36.4,19.7,7.17,12.53,4.53,7.27,1180.95,3.16,4.78,195.3
274430,20.03.2014 19:00:00,986.78,16.83,291.1,2.31,37.59,19.2,7.22,11.98,4.56,7.31,1182.13,2.9,4.16,188.5
274431,20.03.2014 19:10:00,986.89,16.53,290.79,2.33,38.36,18.84,7.23,11.61,4.57,7.32,1183.48,3.61,4.52,199.2
274432,20.03.2014 19:20:00,986.78,16.45,290.71,2.42,38.82,18.74,7.28,11.47,4.6,7.37,1183.65,4.53,5.72,195.4
274433,20.03.2014 19:30:00,986.79,16.33,290.59,2.42,39.1,18.6,7.27,11.33,4.6,7.37,1184.16,5.32,6.61,193.5
274434,20.03.2014 19:40:00,986.91,16.59,290.84,2.17,37.78,18.91,7.14,11.76,4.51,7.24,1183.3,5.66,7.53,196.8
274435,20.03.2014 19:50:00,986.76,16.61,290.88,1.92,37.08,18.93,7.02,11.91,4.44,7.11,1183.09,5.66,8.59,185.0
274436,20.03.2014 20:00:00,986.62,16.64,290.92,1.74,36.52,18.97,6.93,12.04,4.38,7.02,1182.84,5.16,7.21,187.5
274437,20.03.2014 20:10:00,986.52,16.41,290.7,1.76,37.12,18.69,6.94,11.75,4.39,7.03,1183.66,4.6,5.97,187.1
274438,20.03.2014 20:20:00,986.27,16.2,290.51,1.77,37.63,18.44,6.94,11.5,4.39,7.04,1184.21,5.61,7.41,186.4
274439,20.03.2014 20:30:00,986.18,16.08,290.39,1.77,37.92,18.3,6.94,11.36,4.39,7.04,1184.6,5.34,7.81,194.3
274440,20.03.2014 20:40:00,986.12,15.92,290.24,1.71,38.16,18.12,6.91,11.2,4.37,7.01,1185.19,5.02,6.25,194.2
274441,20.03.2014 20:50:00,986.18,15.77,290.08,1.68,38.45,17.94,6.9,11.04,4.36,7.0,1185.89,5.16,7.17,191.3
274442,20.03.2014 21:00:00,985.94,15.64,289.97,1.75,38.96,17.8,6.93,10.86,4.39,7.03,1186.11,5.18,7.05,184.8
274443,20.03.2014 21:10:00,985.67,15.75,290.11,1.9,39.1,17.92,7.01,10.91,4.43,7.11,1185.3,5.23,7.05,191.6
274444,20.03.2014 21:20:00,985.58,15.78,290.14,2.04,39.43,17.96,7.08,10.88,4.48,7.18,1185.04,4.42,5.65,192.9
274445,20.03.2014 21:30:00,985.66,15.87,290.23,2.2,39.64,18.06,7.16,10.9,4.53,7.26,1184.73,4.23,6.23,193.4
274446,20.03.2014 21:40:00,985.68,15.97,290.33,2.33,39.76,18.18,7.23,10.95,4.57,7.33,1184.31,4.05,7.81,191.3
274447,20.03.2014 21:50:00,985.66,16.04,290.4,2.48,40.01,18.26,7.3,10.95,4.62,7.41,1183.97,4.16,6.69,184.1
274448,20.03.2014 22:00:00,985.51,16.04,290.41,2.59,40.34,18.26,7.36,10.89,4.66,7.47,1183.76,4.01,5.21,181.6
274449,20.03.2014 22:10:00,985.42,15.98,290.36,2.71,40.83,18.19,7.43,10.76,4.7,7.54,1183.87,3.73,5.05,182.3
274450,20.03.2014 22:20:00,985.4,15.95,290.33,2.77,41.08,18.15,7.46,10.7,4.72,7.57,1183.95,3.31,4.93,185.9
274451,20.03.2014 22:30:00,985.34,15.86,290.24,2.81,41.43,18.05,7.48,10.57,4.73,7.59,1184.24,3.75,7.29,187.5
274452,20.03.2014 22:40:00,985.23,15.63,290.02,2.85,42.17,17.78,7.5,10.28,4.75,7.61,1185.04,4.17,5.49,195.0
274453,20.03.2014 22:50:00,985.17,15.81,290.21,2.95,41.99,17.99,7.55,10.44,4.78,7.67,1184.2,4.99,6.09,205.2
274454,20.03.2014 23:00:00,985.14,15.91,290.31,3.0,41.86,18.11,7.58,10.53,4.8,7.69,1183.75,4.2,5.65,211.8
274455,20.03.2014 23:10:00,985.18,15.98,290.38,3.0,41.67,18.19,7.58,10.61,4.8,7.69,1183.51,4.29,5.69,221.5
274456,20.03.2014 23:20:00,985.08,16.07,290.48,2.97,41.35,18.29,7.56,10.73,4.79,7.68,1183.03,3.82,5.53,212.6
274457,20.03.2014 23:30:00,985.02,15.83,290.24,2.95,41.94,18.01,7.55,10.46,4.78,7.67,1183.94,3.61,5.51,202.6
274458,20.03.2014 23:40:00,984.89,15.71,290.13,2.94,42.22,17.88,7.55,10.33,4.78,7.66,1184.28,4.15,6.17,193.7
274459,20.03.2014 23:50:00,984.78,15.35,289.78,2.94,43.2,17.47,7.55,9.92,4.78,7.66,1185.63,3.31,4.12,184.8
274460,21.03.2014 00:00:00,984.7,15.21,289.64,2.93,43.57,17.31,7.54,9.77,4.78,7.66,1186.11,3.25,4.24,181.0
274461,21.03.2014 00:10:00,984.7,15.17,289.6,2.99,43.88,17.27,7.58,9.69,4.8,7.69,1186.26,2.16,3.44,171.8
274462,21.03.2014 00:20:00,984.7,14.77,289.2,2.97,44.95,16.83,7.56,9.26,4.79,7.68,1187.91,1.46,2.74,164.8
274463,21.03.2014 00:30:00,984.66,14.47,288.9,2.93,45.69,16.5,7.54,8.96,4.78,7.66,1189.11,0.82,1.64,190.4
274464,21.03.2014 00:40:00,984.58,14.67,289.11,2.82,44.76,16.72,7.48,9.24,4.74,7.6,1188.21,1.84,3.32,193.9
274465,21.03.2014 00:50:00,984.47,15.02,289.47,2.74,43.51,17.1,7.44,9.66,4.71,7.56,1186.66,3.24,4.53,205.5
274466,21.03.2014 01:00:00,984.43,15.49,289.95,2.73,42.19,17.62,7.44,10.19,4.71,7.55,1184.68,3.04,5.29,201.7
274467,21.03.2014 01:10:00,984.38,15.31,289.77,2.83,42.98,17.42,7.49,9.93,4.75,7.61,1185.33,1.8,2.66,178.8
274468,21.03.2014 01:20:00,984.32,14.63,289.09,2.92,45.2,16.68,7.54,9.14,4.78,7.66,1188.04,1.19,2.72,151.6
274469,21.03.2014 01:30:00,984.29,14.26,288.72,2.91,46.28,16.28,7.53,8.75,4.78,7.66,1189.53,1.49,2.8,182.0
274470,21.03.2014 01:40:00,984.31,14.01,288.47,2.85,46.83,16.02,7.5,8.52,4.75,7.62,1190.61,2.21,3.34,189.1
274471,21.03.2014 01:50:00,984.28,14.17,288.64,2.75,46.02,16.19,7.45,8.74,4.72,7.57,1189.93,3.39,4.81,198.7
274472,21.03.2014 02:00:00,984.2,14.61,289.08,2.72,44.62,16.65,7.43,9.22,4.71,7.55,1188.03,4.51,5.33,206.5
274473,21.03.2014 02:10:00,984.18,14.58,289.06,2.74,44.77,16.62,7.44,9.18,4.72,7.56,1188.12,3.64,4.77,202.7
274474,21.03.2014 02:20:00,984.09,14.57,289.05,2.74,44.79,16.61,7.44,9.17,4.72,7.56,1188.05,3.13,3.76,202.4
274475,21.03.2014 02:30:00,983.98,14.34,288.83,2.7,45.34,16.37,7.42,8.95,4.7,7.54,1188.88,2.64,3.38,208.8
274476,21.03.2014 02:40:00,983.91,14.41,288.91,2.71,45.16,16.44,7.42,9.02,4.71,7.55,1188.5,1.88,2.5,198.3
274477,21.03.2014 02:50:00,983.83,14.42,288.92,2.7,45.12,16.45,7.42,9.03,4.71,7.54,1188.37,1.99,2.64,183.7
274478,21.03.2014 03:00:00,983.75,13.88,288.39,2.78,46.97,15.88,7.46,8.42,4.73,7.58,1190.49,1.64,2.64,176.2
274479,21.03.2014 03:10:00,983.71,13.38,287.89,2.73,48.36,15.38,7.44,7.94,4.71,7.56,1192.53,1.33,2.12,176.8
274480,21.03.2014 03:20:00,983.7,13.08,287.59,2.73,49.31,15.08,7.43,7.64,4.71,7.56,1193.77,0.91,1.68,178.3
274481,21.03.2014 03:30:00,983.65,12.84,287.35,2.71,50.04,14.84,7.43,7.41,4.71,7.55,1194.71,0.7,1.66,169.1
274482,21.03.2014 03:40:00,983.6,12.8,287.32,2.7,50.14,14.8,7.42,7.38,4.71,7.55,1194.82,1.15,1.84,178.7
274483,21.03.2014 03:50:00,983.57,12.74,287.26,2.66,50.18,14.74,7.4,7.35,4.69,7.52,1195.04,1.57,3.32,185.6
274484,21.03.2014 04:00:00,983.58,12.7,287.22,2.62,50.16,14.71,7.38,7.33,4.68,7.5,1195.23,1.44,2.52,188.7
274485,21.03.2014 04:10:00,983.58,12.61,287.13,2.59,50.36,14.62,7.36,7.26,4.67,7.49,1195.62,2.2,3.2,178.3
274486,21.03.2014 04:20:00,983.6,12.79,287.31,2.55,49.63,14.79,7.34,7.45,4.66,7.46,1194.9,2.11,2.96,185.1
274487,21.03.2014 04:30:00,983.57,13.02,287.54,2.55,48.87,15.02,7.34,7.68,4.65,7.46,1193.9,2.16,2.72,189.2
274488,21.03.2014 04:40:00,983.48,12.9,287.43,2.59,49.42,14.9,7.36,7.54,4.67,7.49,1194.28,1.8,3.0,191.0
274489,21.03.2014 04:50:00,983.53,12.73,287.25,2.62,50.07,14.74,7.38,7.36,4.68,7.5,1195.05,2.25,3.52,185.9
274490,21.03.2014 05:00:00,983.56,12.44,286.96,2.65,51.16,14.46,7.4,7.06,4.69,7.52,1196.29,2.18,3.48,187.9
274491,21.03.2014 05:10:00,983.49,12.46,286.98,2.64,51.05,14.48,7.39,7.09,4.69,7.51,1196.12,2.26,3.04,188.7
274492,21.03.2014 05:20:00,983.5,12.46,286.98,2.7,51.25,14.48,7.42,7.06,4.71,7.54,1196.12,2.74,3.6,191.0
274493,21.03.2014 05:30:00,983.47,12.54,287.07,2.73,51.11,14.55,7.44,7.11,4.72,7.56,1195.74,2.94,3.76,190.5
274494,21.03.2014 05:40:00,983.42,12.6,287.13,2.78,51.07,14.61,7.46,7.15,4.73,7.59,1195.42,3.07,4.04,190.2
274495,21.03.2014 05:50:00,983.35,12.45,286.98,2.8,51.65,14.47,7.47,6.99,4.74,7.6,1195.95,2.42,3.4,185.9
274496,21.03.2014 06:00:00,983.35,12.25,286.78,2.8,52.36,14.28,7.48,6.8,4.74,7.6,1196.79,1.61,2.44,186.1
274497,21.03.2014 06:10:00,983.35,12.1,286.63,2.82,52.94,14.14,7.48,6.65,4.75,7.61,1197.42,1.69,2.88,181.5
274498,21.03.2014 06:20:00,983.41,12.16,286.69,2.85,52.83,14.19,7.5,6.69,4.76,7.62,1197.23,2.2,2.96,180.2
274499,21.03.2014 06:30:00,983.43,12.29,286.82,2.89,52.56,14.31,7.52,6.79,4.77,7.65,1196.7,2.23,3.4,183.3
274500,21.03.2014 06:40:00,983.47,12.17,286.69,2.94,53.14,14.2,7.55,6.66,4.79,7.67,1197.24,1.67,2.6,196.9
274501,21.03.2014 06:50:00,983.45,12.24,286.77,3.06,53.35,14.27,7.61,6.66,4.83,7.74,1196.89,1.88,2.52,194.9
274502,21.03.2014 07:00:00,983.46,12.51,287.04,3.2,52.96,14.52,7.69,6.83,4.88,7.82,1195.74,1.99,2.76,200.7
274503,21.03.2014 07:10:00,983.48,12.77,287.3,3.41,52.83,14.77,7.8,6.97,4.95,7.94,1194.62,2.1,2.76,195.0
274504,21.03.2014 07:20:00,983.5,13.12,287.65,3.65,52.53,15.12,7.94,7.18,5.04,8.07,1193.12,1.57,2.52,197.0
274505,21.03.2014 07:30:00,983.47,13.71,288.24,4.01,51.83,15.71,8.14,7.57,5.17,8.28,1190.54,0.83,1.56,196.0
274506,21.03.2014 07:40:00,983.42,14.45,288.99,4.19,50.04,16.48,8.25,8.23,5.23,8.39,1187.37,0.88,2.08,138.6
274507,21.03.2014 07:50:00,983.34,14.74,289.29,4.42,49.91,16.79,8.38,8.41,5.32,8.52,1186.01,1.34,2.76,129.4
274508,21.03.2014 08:00:00,983.24,15.47,290.03,4.84,49.04,17.6,8.63,8.97,5.48,8.78,1182.78,1.98,3.6,179.0
274509,21.03.2014 08:10:00,983.17,16.01,290.58,5.16,48.45,18.22,8.83,9.39,5.6,8.98,1180.4,4.8,7.37,193.9
274510,21.03.2014 08:20:00,983.11,16.37,290.94,5.39,48.12,18.65,8.97,9.67,5.7,9.13,1178.79,5.55,8.37,201.3
274511,21.03.2014 08:30:00,983.05,16.63,291.21,5.58,47.94,18.96,9.09,9.87,5.77,9.24,1177.61,5.59,7.57,200.7
274512,21.03.2014 08:40:00,982.96,16.79,291.38,5.7,47.87,19.15,9.17,9.98,5.82,9.33,1176.81,6.95,9.97,203.6
274513,21.03.2014 08:50:00,982.95,16.92,291.51,5.87,48.04,19.31,9.28,10.03,5.89,9.44,1176.23,6.67,9.19,209.7
274514,21.03.2014 09:00:00,982.87,17.01,291.61,5.92,47.92,19.42,9.31,10.11,5.91,9.47,1175.75,7.36,9.53,205.0
274515,21.03.2014 09:10:00,982.89,17.11,291.71,6.08,48.14,19.54,9.41,10.13,5.98,9.57,1175.32,6.23,8.25,209.2
274516,21.03.2014 09:20:00,982.8,17.19,291.79,6.1,47.97,19.64,9.42,10.22,5.98,9.59,1174.89,6.96,11.01,205.2
274517,21.03.2014 09:30:00,982.74,17.01,291.62,6.06,48.38,19.42,9.4,10.02,5.97,9.56,1175.55,8.14,13.25,209.9
274518,21.03.2014 09:40:00,982.64,17.0,291.62,6.1,48.56,19.41,9.42,9.98,5.99,9.59,1175.46,7.32,10.25,201.2
274519,21.03.2014 09:50:00,982.6,17.15,291.77,6.22,48.51,19.59,9.5,10.09,6.04,9.67,1174.77,7.01,11.09,203.6
274520,21.03.2014 10:00:00,982.6,17.59,292.21,6.47,48.0,20.14,9.67,10.48,6.14,9.84,1172.92,5.87,9.11,205.0
274521,21.03.2014 10:10:00,982.53,17.55,292.18,6.45,48.04,20.09,9.65,10.44,6.13,9.82,1173.0,8.19,12.49,215.7
274522,21.03.2014 10:20:00,982.49,17.64,292.27,6.49,47.91,20.21,9.68,10.53,6.15,9.85,1172.58,6.97,10.21,204.2
274523,21.03.2014 10:30:00,982.36,17.71,292.35,6.48,47.67,20.3,9.68,10.62,6.15,9.85,1172.14,8.43,11.77,210.7
274524,21.03.2014 10:40:00,982.29,17.96,292.61,6.66,47.49,20.62,9.79,10.83,6.22,9.97,1171.0,7.87,12.73,208.4
274525,21.03.2014 10:50:00,982.15,18.18,292.84,6.61,46.69,20.91,9.76,11.15,6.21,9.94,1169.96,8.46,13.37,206.3
274526,21.03.2014 11:00:00,982.04,18.14,292.81,6.5,46.45,20.85,9.69,11.17,6.16,9.86,1170.03,9.78,14.57,214.8
274527,21.03.2014 11:10:00,981.9,18.35,293.04,6.44,45.66,21.13,9.65,11.48,6.13,9.83,1169.03,10.35,14.69,222.4
274528,21.03.2014 11:20:00,981.82,18.72,293.42,6.67,45.33,21.63,9.8,11.82,6.23,9.99,1167.39,6.12,10.41,211.3
274529,21.03.2014 11:30:00,981.62,18.73,293.44,6.34,44.26,21.64,9.58,12.06,6.09,9.76,1167.21,10.57,16.97,206.2
274530,21.03.2014 11:40:00,981.53,18.44,293.16,6.01,44.07,21.25,9.37,11.89,5.96,9.54,1168.36,11.38,16.13,211.8
274531,21.03.2014 11:50:00,981.53,18.7,293.42,6.2,43.94,21.6,9.49,12.11,6.04,9.67,1167.26,9.26,14.53,210.2
274532,21.03.2014 12:00:00,981.38,18.87,293.6,5.92,42.64,21.83,9.31,12.52,5.92,9.49,1166.48,10.51,16.05,217.0
274533,21.03.2014 12:10:00,981.15,18.93,293.68,5.75,41.97,21.91,9.2,12.72,5.85,9.37,1166.02,10.86,16.85,213.7
274534,21.03.2014 12:20:00,981.03,18.88,293.64,5.56,41.54,21.84,9.07,12.77,5.77,9.25,1166.13,11.58,15.61,215.5
274535,21.03.2014 12:30:00,980.97,19.08,293.85,5.7,41.45,22.12,9.17,12.95,5.83,9.35,1165.22,9.91,14.73,216.0
274536,21.03.2014 12:40:00,980.86,19.34,294.12,5.67,40.7,22.48,9.15,13.33,5.82,9.33,1164.06,9.65,15.75,214.5
274537,21.03.2014 12:50:00,980.85,19.28,294.06,5.24,39.63,22.4,8.88,13.52,5.65,9.05,1164.41,12.16,18.09,213.6
274538,21.03.2014 13:00:00,980.78,19.2,293.99,5.09,39.41,22.28,8.78,13.5,5.59,8.95,1164.69,12.21,17.93,211.0
274539,21.03.2014 13:10:00,980.79,19.46,294.25,5.13,38.88,22.65,8.81,13.84,5.6,8.98,1163.66,9.09,12.61,207.1
274540,21.03.2014 13:20:00,980.73,19.7,294.49,4.93,37.78,22.99,8.69,14.3,5.53,8.86,1162.69,8.47,12.57,202.7
274541,21.03.2014 13:30:00,980.56,19.7,294.51,4.84,37.55,22.99,8.63,14.36,5.49,8.8,1162.51,10.62,14.33,206.5
274542,21.03.2014 13:40:00,980.62,19.78,294.58,5.01,37.8,23.1,8.73,14.37,5.56,8.91,1162.22,8.46,15.65,219.7
274543,21.03.2014 13:50:00,980.5,19.7,294.51,4.98,37.91,22.99,8.71,14.27,5.55,8.89,1162.4,10.11,14.13,209.0
274544,21.03.2014 14:00:00,980.55,19.73,294.54,4.94,37.75,23.03,8.69,14.34,5.53,8.87,1162.35,10.67,18.13,214.2
274545,21.03.2014 14:10:00,980.47,19.63,294.45,5.03,38.21,22.89,8.75,14.14,5.57,8.92,1162.63,9.9,15.21,211.6
274546,21.03.2014 14:20:00,980.23,19.74,294.58,5.01,37.9,23.05,8.73,14.31,5.56,8.91,1161.91,10.85,17.81,211.1
274547,21.03.2014 14:30:00,980.21,19.69,294.53,5.11,38.3,22.97,8.8,14.18,5.6,8.98,1162.06,9.08,14.77,213.8
274548,21.03.2014 14:40:00,980.18,19.85,294.69,5.12,37.93,23.2,8.8,14.4,5.6,8.98,1161.38,8.87,13.81,207.2
274549,21.03.2014 14:50:00,980.17,19.79,294.63,4.93,37.57,23.12,8.69,14.43,5.53,8.86,1161.66,10.16,14.21,213.3
274550,21.03.2014 15:00:00,980.06,19.85,294.7,4.95,37.49,23.2,8.7,14.5,5.54,8.88,1161.29,9.73,13.49,212.1
274551,21.03.2014 15:10:00,979.97,19.92,294.78,5.0,37.46,23.3,8.73,14.57,5.56,8.91,1160.89,8.8,12.29,207.4
274552,21.03.2014 15:20:00,979.96,19.88,294.74,4.75,36.9,23.25,8.58,14.67,5.46,8.75,1161.1,8.47,11.53,208.1
274553,21.03.2014 15:30:00,980.0,19.69,294.55,4.63,37.02,22.97,8.51,14.47,5.42,8.68,1161.94,8.06,12.01,215.4
274554,21.03.2014 15:40:00,980.05,19.69,294.54,4.74,37.31,22.97,8.57,14.4,5.46,8.75,1161.97,7.34,14.81,212.0
274555,21.03.2014 15:50:00,979.96,19.72,294.58,4.32,36.16,23.02,8.32,14.69,5.3,8.49,1161.85,9.22,13.41,215.5
274556,21.03.2014 16:00:00,980.06,19.53,294.38,4.34,36.63,22.75,8.33,14.41,5.31,8.5,1162.72,5.71,8.73,213.9
274557,21.03.2014 16:10:00,980.21,19.34,294.18,4.21,36.73,22.48,8.26,14.22,5.26,8.42,1163.69,7.21,11.39,215.6
274558,21.03.2014 16:20:00,980.32,19.11,293.94,4.25,37.37,22.16,8.28,13.88,5.27,8.45,1164.73,7.83,14.65,215.3
274559,21.03.2014 16:30:00,980.46,18.89,293.7,4.44,38.4,21.86,8.39,13.46,5.34,8.56,1165.72,7.08,12.09,216.7
274560,21.03.2014 16:40:00,980.5,18.62,293.43,4.58,39.45,21.49,8.48,13.01,5.4,8.65,1166.81,8.79,13.49,213.4
274561,21.03.2014 16:50:00,980.52,18.3,293.1,4.67,40.48,21.07,8.53,12.54,5.43,8.7,1168.09,7.98,12.33,215.0
274562,21.03.2014 17:00:00,980.74,18.15,292.93,4.79,41.22,20.87,8.6,12.27,5.47,8.77,1168.92,5.35,8.81,215.7
274563,21.03.2014 17:10:00,980.97,18.01,292.77,4.88,41.85,20.69,8.66,12.03,5.51,8.82,1169.73,3.37,5.88,219.4
274564,21.03.2014 17:20:00,981.17,17.82,292.57,4.88,42.36,20.44,8.66,11.78,5.51,8.82,1170.74,5.79,10.77,228.1
274565,20.03.2014 11:00:00,993.84,15.63,289.3,4.38,47.0,17.78,8.36,9.43,5.25,8.41,1195.03,3.59,5.12,144.0
274566,20.03.2014 11:10:00,993.73,16.2,289.88,4.51,45.72,18.44,8.43,10.01,5.3,8.49,1192.52,3.41,5.52,146.4
274567,20.03.2014 11:20:00,993.58,16.3,289.99,4.33,44.86,18.56,8.33,10.24,5.23,8.38,1191.97,3.52,5.32,143.2
274568,20.03.2014 11:30:00,993.5,16.72,290.42,4.37,43.82,19.07,8.35,10.71,5.25,8.41,1190.13,3.72,5.64,152.8
274569,20.03.2014 11:40:00,993.36,17.44,291.15,2.47,36.59,19.95,7.3,12.65,4.58,7.35,1187.49,3.25,5.16,211.9
274570,20.03.2014 11:50:00,993.24,17.65,291.37,2.24,35.52,20.22,7.18,13.04,4.51,7.23,1186.55,3.51,5.48,208.2
274571,20.03.2014 12:00:00,993.06,17.93,291.67,2.51,35.56,20.58,7.32,13.26,4.6,7.37,1185.13,2.66,3.88,204.3
274572,20.03.2014 12:10:00,992.98,18.11,291.86,2.5,35.15,20.82,7.32,13.5,4.6,7.37,1184.3,3.32,4.8,211.7
274573,20.03.2014 12:20:00,992.82,18.06,291.82,2.28,34.7,20.75,7.2,13.55,4.52,7.25,1184.37,2.34,4.72,215.9
274574,20.03.2014 12:30:00,992.69,18.49,292.26,2.17,33.52,21.32,7.15,14.17,4.49,7.2,1182.49,2.94,4.88,209.0
274575,20.03.2014 12:40:00,992.57,18.83,292.61,3.2,35.31,21.78,7.69,14.09,4.83,7.75,1180.72,2.74,3.84,187.7
274576,20.03.2014 12:50:00,992.32,18.99,292.79,3.79,36.44,21.99,8.01,13.98,5.04,8.08,1179.63,3.89,5.64,160.0
274577,20.03.2014 13:00:00,992.18,18.95,292.77,3.81,36.6,21.94,8.03,13.91,5.05,8.09,1179.62,4.05,7.04,153.2
274578,20.03.2014 13:10:00,991.98,18.99,292.82,2.71,33.76,21.99,7.43,14.57,4.67,7.49,1179.49,5.19,7.04,181.4
274579,20.03.2014 13:20:00,991.82,18.93,292.78,3.34,35.44,21.91,7.77,14.15,4.88,7.83,1179.39,3.16,5.42,168.7
274580,20.03.2014 13:30:00,991.58,19.2,293.07,3.68,35.71,22.28,7.96,14.33,5.01,8.03,1177.93,3.07,5.52,174.0
274581,20.03.2014 13:40:00,991.39,19.32,293.2,3.57,35.16,22.45,7.89,14.56,4.97,7.96,1177.25,3.88,7.02,148.0
274582,20.03.2014 13:50:00,991.18,19.2,293.1,3.13,34.34,22.28,7.65,14.63,4.82,7.72,1177.59,3.74,5.68,154.7
274583,20.03.2014 14:00:00,991.02,19.44,293.36,2.83,33.1,22.62,7.49,15.13,4.71,7.56,1176.51,3.5,5.8,160.9
274584,20.03.2014 14:10:00,990.84,19.64,293.57,3.09,33.32,22.9,7.63,15.27,4.8,7.7,1175.43,3.79,6.4,161.1
274585,20.03.2014 14:20:00,990.69,19.67,293.61,2.89,32.79,22.95,7.52,15.42,4.74,7.59,1175.18,4.02,5.76,159.9
274586,20.03.2014 14:30:00,990.59,19.73,293.68,2.75,32.34,23.03,7.45,15.58,4.69,7.52,1174.85,3.88,6.14,168.5
274587,20.03.2014 14:40:00,990.5,19.8,293.76,2.44,31.49,23.13,7.28,15.85,4.59,7.35,1174.54,3.76,5.68,157.6
274588,20.03.2014 14:50:00,990.28,19.78,293.76,2.32,31.26,23.1,7.22,15.88,4.55,7.29,1174.38,3.59,6.6,172.8
274589,20.03.2014 15:00:00,990.1,19.82,293.81,1.17,28.71,23.16,6.65,16.51,4.19,6.72,1174.27,4.33,6.6,165.1
274590,20.03.2014 15:10:00,989.93,19.97,293.98,0.97,28.03,23.38,6.55,16.82,4.13,6.62,1173.51,4.15,6.66,168.2
274591,20.03.2014 15:20:00,989.78,20.06,294.08,0.9,27.74,23.51,6.52,16.99,4.11,6.59,1172.98,4.19,7.28,179.5
274592,20.03.2014 15:30:00,989.61,19.63,293.67,1.04,28.78,22.89,6.59,16.3,4.15,6.66,1174.47,4.86,6.81,204.3
274593,20.03.2014 15:40:00,989.49,19.81,293.86,1.65,29.74,23.15,6.88,16.26,4.34,6.96,1173.47,4.97,7.36,175.3
274594,20.03.2014 15:50:00,989.34,19.97,294.03,1.98,30.15,23.38,7.05,16.33,4.44,7.12,1172.58,4.75,6.64,178.3
274595,20.03.2014 16:00:00,989.14,20.03,294.11,2.15,30.41,23.46,7.14,16.33,4.5,7.21,1172.07,3.48,5.72,183.3
274596,20.03.2014 16:10:00,988.92,20.5,294.6,2.53,30.34,24.15,7.33,16.83,4.62,7.41,1169.84,3.17,5.0,178.5
274597,20.03.2014 16:20:00,988.78,20.52,294.63,2.48,30.21,24.18,7.31,16.88,4.61,7.39,1169.61,3.64,4.92,188.1
274598,20.03.2014 16:30:00,988.67,20.43,294.55,1.54,28.4,24.05,6.83,17.22,4.31,6.91,1170.05,4.94,7.97,177.5
274599,20.03.2014 16:40:00,988.53,20.25,294.38,1.51,28.64,23.78,6.81,16.97,4.3,6.89,1170.61,5.01,7.81,180.1
274600,20.03.2014 16:50:00,988.35,20.16,294.3,1.89,29.6,23.65,7.0,16.65,4.42,7.08,1170.67,4.91,7.04,172.2
274601,20.03.2014 17:00:00,988.31,20.0,294.15,2.2,30.57,23.42,7.16,16.26,4.52,7.24,1171.19,6.12,8.13,170.9
274602,20.03.2014 17:10:00,988.25,19.74,293.89,2.4,31.51,23.05,7.26,15.78,4.58,7.35,1172.11,3.82,5.28,181.5
274603,20.03.2014 17:20:00,988.24,19.47,293.62,2.08,31.32,22.66,7.1,15.56,4.48,7.18,1173.25,4.85,7.36,186.6
274604,20.03.2014 17:30:00,988.16,19.14,293.3,2.01,31.81,22.2,7.06,15.14,4.46,7.15,1174.5,5.28,6.97,191.5
274605,20.03.2014 17:40:00,988.07,18.86,293.02,2.21,32.84,21.82,7.16,14.65,4.52,7.25,1175.47,4.88,6.6,193.4
274606,20.03.2014 17:50:00,987.96,18.65,292.82,2.26,33.39,21.53,7.19,14.34,4.54,7.28,1176.18,4.36,6.12,191.6
274607,20.03.2014 18:00:00,987.75,18.38,292.57,2.29,34.04,21.17,7.21,13.96,4.55,7.3,1177.01,3.99,5.8,189.0
274608,20.03.2014 18:10:00,987.63,18.12,292.32,2.23,34.45,20.83,7.18,13.65,4.53,7.27,1177.93,4.39,6.7,192.1
274609,20.03.2014 18:20:00,987.51,17.98,292.19,2.28,34.89,20.65,7.2,13.44,4.55,7.29,1178.34,4.59,6.24,192.7
274610,20.03.2014 18:30:00,987.36,17.79,292.01,2.29,35.33,20.4,7.21,13.19,4.55,7.3,1178.93,4.6,6.08,193.1
274611,20.03.2014 18:40:00,987.28,17.47,291.7,2.26,35.97,19.99,7.19,12.8,4.54,7.28,1180.13,3.65,5.44,194.5
274612,20.03.2014 18:50:00,987.17,17.24,291.47,2.22,36.4,19.7,7.17,12.53,4.53,7.27,1180.95,3.16,4.78,195.3
274613,20.03.2014 19:00:00,986.78,16.83,291.1,2.31,37.59,19.2,7.22,11.98,4.56,7.31,1182.13,2.9,4.16,188.5
274614,20.03.2014 19:10:00,986.89,16.53,290.79,2.33,38.36,18.84,7.23,11.61,4.57,7.32,1183.48,3.61,4.52,199.2
274615,20.03.2014 19:20:00,986.78,16.45,290.71,2.42,38.82,18.74,7.28,11.47,4.6,7.37,1183.65,4.53,5.72,195.4
274616,20.03.2014 19:30:00,986.79,16.33,290.59,2.42,39.1,18.6,7.27,11.33,4.6,7.37,1184.16,5.32,6.61,193.5
274617,20.03.2014 19:40:00,986.91,16.59,290.84,2.17,37.78,18.91,7.14,11.76,4.51,7.24,1183.3,5.66,7.53,196.8
274618,20.03.2014 19:50:00,986.76,16.61,290.88,1.92,37.08,18.93,7.02,11.91,4.44,7.11,1183.09,5.66,8.59,185.0
274619,20.03.2014 20:00:00,986.62,16.64,290.92,1.74,36.52,18.97,6.93,12.04,4.38,7.02,1182.84,5.16,7.21,187.5
274620,20.03.2014 20:10:00,986.52,16.41,290.7,1.76,37.12,18.69,6.94,11.75,4.39,7.03,1183.66,4.6,5.97,187.1
274621,20.03.2014 20:20:00,986.27,16.2,290.51,1.77,37.63,18.44,6.94,11.5,4.39,7.04,1184.21,5.61,7.41,186.4
274622,20.03.2014 20:30:00,986.18,16.08,290.39,1.77,37.92,18.3,6.94,11.36,4.39,7.04,1184.6,5.34,7.81,194.3
274623,20.03.2014 20:40:00,986.12,15.92,290.24,1.71,38.16,18.12,6.91,11.2,4.37,7.01,1185.19,5.02,6.25,194.2
274624,20.03.2014 20:50:00,986.18,15.77,290.08,1.68,38.45,17.94,6.9,11.04,4.36,7.0,1185.89,5.16,7.17,191.3
274625,20.03.2014 21:00:00,985.94,15.64,289.97,1.75,38.96,17.8,6.93,10.86,4.39,7.03,1186.11,5.18,7.05,184.8
274626,20.03.2014 21:10:00,985.67,15.75,290.11,1.9,39.1,17.92,7.01,10.91,4.43,7.11,1185.3,5.23,7.05,191.6
274627,20.03.2014 21:20:00,985.58,15.78,290.14,2.04,39.43,17.96,7.08,10.88,4.48,7.18,1185.04,4.42,5.65,192.9
274628,20.03.2014 21:30:00,985.66,15.87,290.23,2.2,39.64,18.06,7.16,10.9,4.53,7.26,1184.73,4.23,6.23,193.4
274629,20.03.2014 21:40:00,985.68,15.97,290.33,2.33,39.76,18.18,7.23,10.95,4.57,7.33,1184.31,4.05,7.81,191.3
274630,20.03.2014 21:50:00,985.66,16.04,290.4,2.48,40.01,18.26,7.3,10.95,4.62,7.41,1183.97,4.16,6.69,184.1
274631,20.03.2014 22:00:00,985.51,16.04,290.41,2.59,40.34,18.26,7.36,10.89,4.66,7.47,1183.76,4.01,5.21,181.6
274632,20.03.2014 22:10:00,985.42,15.98,290.36,2.71,40.83,18.19,7.43,10.76,4.7,7.54,1183.87,3.73,5.05,182.3
274633,20.03.2014 22:20:00,985.4,15.95,290.33,2.77,41.08,18.15,7.46,10.7,4.72,7.57,1183.95,3.31,4.93,185.9
274634,20.03.2014 22:30:00,985.34,15.86,290.24,2.81,41.43,18.05,7.48,10.57,4.73,7.59,1184.24,3.75,7.29,187.5
274635,20.03.2014 22:40:00,985.23,15.63,290.02,2.85,42.17,17.78,7.5,10.28,4.75,7.61,1185.04,4.17,5.49,195.0
274636,20.03.2014 22:50:00,985.17,15.81,290.21,2.95,41.99,17.99,7.55,10.44,4.78,7.67,1184.2,4.99,6.09,205.2
274637,20.03.2014 23:00:00,985.14,15.91,290.31,3.0,41.86,18.11,7.58,10.53,4.8,7.69,1183.75,4.2,5.65,211.8
274638,20.03.2014 23:10:00,985.18,15.98,290.38,3.0,41.67,18.19,7.58,10.61,4.8,7.69,1183.51,4.29,5.69,221.5
274639,20.03.2014 23:20:00,985.08,16.07,290.48,2.97,41.35,18.29,7.56,10.73,4.79,7.68,1183.03,3.82,5.53,212.6
274640,20.03.2014 23:30:00,985.02,15.83,290.24,2.95,41.94,18.01,7.55,10.46,4.78,7.67,1183.94,3.61,5.51,202.6
274641,20.03.2014 23:40:00,984.89,15.71,290.13,2.94,42.22,17.88,7.55,10.33,4.78,7.66,1184.28,4.15,6.17,193.7
274642,20.03.2014 23:50:00,984.78,15.35,289.78,2.94,43.2,17.47,7.55,9.92,4.78,7.66,1185.63,3.31,4.12,184.8
274643,21.03.2014 00:00:00,984.7,15.21,289.64,2.93,43.57,17.31,7.54,9.77,4.78,7.66,1186.11,3.25,4.24,181.0
274644,21.03.2014 00:10:00,984.7,15.17,289.6,2.99,43.88,17.27,7.58,9.69,4.8,7.69,1186.26,2.16,3.44,171.8
274645,21.03.2014 00:20:00,984.7,14.77,289.2,2.97,44.95,16.83,7.56,9.26,4.79,7.68,1187.91,1.46,2.74,164.8
274646,21.03.2014 00:30:00,984.66,14.47,288.9,2.93,45.69,16.5,7.54,8.96,4.78,7.66,1189.11,0.82,1.64,190.4
274647,21.03.2014 00:40:00,984.58,14.67,289.11,2.82,44.76,16.72,7.48,9.24,4.74,7.6,1188.21,1.84,3.32,193.9
274648,21.03.2014 00:50:00,984.47,15.02,289.47,2.74,43.51,17.1,7.44,9.66,4.71,7.56,1186.66,3.24,4.53,205.5
274649,21.03.2014 01:00:00,984.43,15.49,289.95,2.73,42.19,17.62,7.44,10.19,4.71,7.55,1184.68,3.04,5.29,201.7
274650,21.03.2014 01:10:00,984.38,15.31,289.77,2.83,42.98,17.42,7.49,9.93,4.75,7.61,1185.33,1.8,2.66,178.8
274651,21.03.2014 01:20:00,984.32,14.63,289.09,2.92,45.2,16.68,7.54,9.14,4.78,7.66,1188.04,1.19,2.72,151.6
274652,21.03.2014 01:30:00,984.29,14.26,288.72,2.91,46.28,16.28,7.53,8.75,4.78,7.66,1189.53,1.49,2.8,182.0
274653,21.03.2014 01:40:00,984.31,14.01,288.47,2.85,46.83,16.02,7.5,8.52,4.75,7.62,1190.61,2.21,3.34,189.1
274654,21.03.2014 01:50:00,984.28,14.17,288.64,2.75,46.02,16.19,7.45,8.74,4.72,7.57,1189.93,3.39,4.81,198.7
274655,21.03.2014 02:00:00,984.2,14.61,289.08,2.72,44.62,16.65,7.43,9.22,4.71,7.55,1188.03,4.51,5.33,206.5
274656,21.03.2014 02:10:00,984.18,14.58,289.06,2.74,44.77,16.62,7.44,9.18,4.72,7.56,1188.12,3.64,4.77,202.7
274657,21.03.2014 02:20:00,984.09,14.57,289.05,2.74,44.79,16.61,7.44,9.17,4.72,7.56,1188.05,3.13,3.76,202.4
274658,21.03.2014 02:30:00,983.98,14.34,288.83,2.7,45.34,16.37,7.42,8.95,4.7,7.54,1188.88,2.64,3.38,208.8
274659,21.03.2014 02:40:00,983.91,14.41,288.91,2.71,45.16,16.44,7.42,9.02,4.71,7.55,1188.5,1.88,2.5,198.3
274660,21.03.2014 02:50:00,983.83,14.42,288.92,2.7,45.12,16.45,7.42,9.03,4.71,7.54,1188.37,1.99,2.64,183.7
274661,21.03.2014 03:00:00,983.75,13.88,288.39,2.78,46.97,15.88,7.46,8.42,4.73,7.58,1190.49,1.64,2.64,176.2
274662,21.03.2014 03:10:00,983.71,13.38,287.89,2.73,48.36,15.38,7.44,7.94,4.71,7.56,1192.53,1.33,2.12,176.8
274663,21.03.2014 03:20:00,983.7,13.08,287.59,2.73,49.31,15.08,7.43,7.64,4.71,7.56,1193.77,0.91,1.68,178.3
274664,21.03.2014 03:30:00,983.65,12.84,287.35,2.71,50.04,14.84,7.43,7.41,4.71,7.55,1194.71,0.7,1.66,169.1
274665,21.03.2014 03:40:00,983.6,12.8,287.32,2.7,50.14,14.8,7.42,7.38,4.71,7.55,1194.82,1.15,1.84,178.7
274666,21.03.2014 03:50:00,983.57,12.74,287.26,2.66,50.18,14.74,7.4,7.35,4.69,7.52,1195.04,1.57,3.32,185.6
274667,21.03.2014 04:00:00,983.58,12.7,287.22,2.62,50.16,14.71,7.38,7.33,4.68,7.5,1195.23,1.44,2.52,188.7
274668,21.03.2014 04:10:00,983.58,12.61,287.13,2.59,50.36,14.62,7.36,7.26,4.67,7.49,1195.62,2.2,3.2,178.3
274669,21.03.2014 04:20:00,983.6,12.79,287.31,2.55,49.63,14.79,7.34,7.45,4.66,7.46,1194.9,2.11,2.96,185.1
274670,21.03.2014 04:30:00,983.57,13.02,287.54,2.55,48.87,15.02,7.34,7.68,4.65,7.46,1193.9,2.16,2.72,189.2
274671,21.03.2014 04:40:00,983.48,12.9,287.43,2.59,49.42,14.9,7.36,7.54,4.67,7.49,1194.28,1.8,3.0,191.0
274672,21.03.2014 04:50:00,983.53,12.73,287.25,2.62,50.07,14.74,7.38,7.36,4.68,7.5,1195.05,2.25,3.52,185.9
274673,21.03.2014 05:00:00,983.56,12.44,286.96,2.65,51.16,14.46,7.4,7.06,4.69,7.52,1196.29,2.18,3.48,187.9
274674,21.03.2014 05:10:00,983.49,12.46,286.98,2.64,51.05,14.48,7.39,7.09,4.69,7.51,1196.12,2.26,3.04,188.7
274675,21.03.2014 05:20:00,983.5,12.46,286.98,2.7,51.25,14.48,7.42,7.06,4.71,7.54,1196.12,2.74,3.6,191.0
274676,21.03.2014 05:30:00,983.47,12.54,287.07,2.73,51.11,14.55,7.44,7.11,4.72,7.56,1195.74,2.94,3.76,190.5
274677,21.03.2014 05:40:00,983.42,12.6,287.13,2.78,51.07,14.61,7.46,7.15,4.73,7.59,1195.42,3.07,4.04,190.2
274678,21.03.2014 05:50:00,983.35,12.45,286.98,2.8,51.65,14.47,7.47,6.99,4.74,7.6,1195.95,2.42,3.4,185.9
274679,21.03.2014 06:00:00,983.35,12.25,286.78,2.8,52.36,14.28,7.48,6.8,4.74,7.6,1196.79,1.61,2.44,186.1
274680,21.03.2014 06:10:00,983.35,12.1,286.63,2.82,52.94,14.14,7.48,6.65,4.75,7.61,1197.42,1.69,2.88,181.5
274681,21.03.2014 06:20:00,983.41,12.16,286.69,2.85,52.83,14.19,7.5,6.69,4.76,7.62,1197.23,2.2,2.96,180.2
274682,21.03.2014 06:30:00,983.43,12.29,286.82,2.89,52.56,14.31,7.52,6.79,4.77,7.65,1196.7,2.23,3.4,183.3
274683,21.03.2014 06:40:00,983.47,12.17,286.69,2.94,53.14,14.2,7.55,6.66,4.79,7.67,1197.24,1.67,2.6,196.9
274684,21.03.2014 06:50:00,983.45,12.24,286.77,3.06,53.35,14.27,7.61,6.66,4.83,7.74,1196.89,1.88,2.52,194.9
274685,21.03.2014 07:00:00,983.46,12.51,287.04,3.2,52.96,14.52,7.69,6.83,4.88,7.82,1195.74,1.99,2.76,200.7
274686,21.03.2014 07:10:00,983.48,12.77,287.3,3.41,52.83,14.77,7.8,6.97,4.95,7.94,1194.62,2.1,2.76,195.0
274687,21.03.2014 07:20:00,983.5,13.12,287.65,3.65,52.53,15.12,7.94,7.18,5.04,8.07,1193.12,1.57,2.52,197.0
274688,21.03.2014 07:30:00,983.47,13.71,288.24,4.01,51.83,15.71,8.14,7.57,5.17,8.28,1190.54,0.83,1.56,196.0
274689,21.03.2014 07:40:00,983.42,14.45,288.99,4.19,50.04,16.48,8.25,8.23,5.23,8.39,1187.37,0.88,2.08,138.6
274690,21.03.2014 07:50:00,983.34,14.74,289.29,4.42,49.91,16.79,8.38,8.41,5.32,8.52,1186.01,1.34,2.76,129.4
274691,21.03.2014 08:00:00,983.24,15.47,290.03,4.84,49.04,17.6,8.63,8.97,5.48,8.78,1182.78,1.98,3.6,179.0
274692,21.03.2014 08:10:00,983.17,16.01,290.58,5.16,48.45,18.22,8.83,9.39,5.6,8.98,1180.4,4.8,7.37,193.9
274693,21.03.2014 08:20:00,983.11,16.37,290.94,5.39,48.12,18.65,8.97,9.67,5.7,9.13,1178.79,5.55,8.37,201.3
274694,21.03.2014 08:30:00,983.05,16.63,291.21,5.58,47.94,18.96,9.09,9.87,5.77,9.24,1177.61,5.59,7.57,200.7
274695,21.03.2014 08:40:00,982.96,16.79,291.38,5.7,47.87,19.15,9.17,9.98,5.82,9.33,1176.81,6.95,9.97,203.6
274696,21.03.2014 08:50:00,982.95,16.92,291.51,5.87,48.04,19.31,9.28,10.03,5.89,9.44,1176.23,6.67,9.19,209.7
274697,21.03.2014 09:00:00,982.87,17.01,291.61,5.92,47.92,19.42,9.31,10.11,5.91,9.47,1175.75,7.36,9.53,205.0
274698,21.03.2014 09:10:00,982.89,17.11,291.71,6.08,48.14,19.54,9.41,10.13,5.98,9.57,1175.32,6.23,8.25,209.2
274699,21.03.2014 09:20:00,982.8,17.19,291.79,6.1,47.97,19.64,9.42,10.22,5.98,9.59,1174.89,6.96,11.01,205.2
274700,21.03.2014 09:30:00,982.74,17.01,291.62,6.06,48.38,19.42,9.4,10.02,5.97,9.56,1175.55,8.14,13.25,209.9
274701,21.03.2014 09:40:00,982.64,17.0,291.62,6.1,48.56,19.41,9.42,9.98,5.99,9.59,1175.46,7.32,10.25,201.2
274702,21.03.2014 09:50:00,982.6,17.15,291.77,6.22,48.51,19.59,9.5,10.09,6.04,9.67,1174.77,7.01,11.09,203.6
274703,21.03.2014 10:00:00,982.6,17.59,292.21,6.47,48.0,20.14,9.67,10.48,6.14,9.84,1172.92,5.87,9.11,205.0
274704,21.03.2014 10:10:00,982.53,17.55,292.18,6.45,48.04,20.09,9.65,10.44,6.13,9.82,1173.0,8.19,12.49,215.7
274705,21.03.2014 10:20:00,982.49,17.64,292.27,6.49,47.91,20.21,9.68,10.53,6.15,9.85,1172.58,6.97,10.21,204.2
274706,21.03.2014 10:30:00,982.36,17.71,292.35,6.48,47.67,20.3,9.68,10.62,6.15,9.85,1172.14,8.43,11.77,210.7
274707,21.03.2014 10:40:00,982.29,17.96,292.61,6.66,47.49,20.62,9.79,10.83,6.22,9.97,1171.0,7.87,12.73,208.4
274708,21.03.2014 10:50:00,982.15,18.18,292.84,6.61,46.69,20.91,9.76,11.15,6.21,9.94,1169.96,8.46,13.37,206.3
274709,21.03.2014 11:00:00,982.04,18.14,292.81,6.5,46.45,20.85,9.69,11.17,6.16,9.86,1170.03,9.78,14.57,214.8
274710,21.03.2014 11:10:00,981.9,18.35,293.04,6.44,45.66,21.13,9.65,11.48,6.13,9.83,1169.03,10.35,14.69,222.4
274711,21.03.2014 11:20:00,981.82,18.72,293.42,6.67,45.33,21.63,9.8,11.82,6.23,9.99,1167.39,6.12,10.41,211.3
274712,21.03.2014 11:30:00,981.62,18.73,293.44,6.34,44.26,21.64,9.58,12.06,6.09,9.76,1167.21,10.57,16.97,206.2
274713,21.03.2014 11:40:00,981.53,18.44,293.16,6.01,44.07,21.25,9.37,11.89,5.96,9.54,1168.36,11.38,16.13,211.8
274714,21.03.2014 11:50:00,981.53,18.7,293.42,6.2,43.94,21.6,9.49,12.11,6.04,9.67,1167.26,9.26,14.53,210.2
274715,21.03.2014 12:00:00,981.38,18.87,293.6,5.92,42.64,21.83,9.31,12.52,5.92,9.49,1166.48,10.51,16.05,217.0
274716,21.03.2014 12:10:00,981.15,18.93,293.68,5.75,41.97,21.91,9.2,12.72,5.85,9.37,1166.02,10.86,16.85,213.7
274717,21.03.2014 12:20:00,981.03,18.88,293.64,5.56,41.54,21.84,9.07,12.77,5.77,9.25,1166.13,11.58,15.61,215.5
274718,21.03.2014 12:30:00,980.97,19.08,293.85,5.7,41.45,22.12,9.17,12.95,5.83,9.35,1165.22,9.91,14.73,216.0
274719,21.03.2014 12:40:00,980.86,19.34,294.12,5.67,40.7,22.48,9.15,13.33,5.82,9.33,1164.06,9.65,15.75,214.5
274720,21.03.2014 12:50:00,980.85,19.28,294.06,5.24,39.63,22.4,8.88,13.52,5.65,9.05,1164.41,12.16,18.09,213.6
274721,21.03.2014 13:00:00,980.78,19.2,293.99,5.09,39.41,22.28,8.78,13.5,5.59,8.95,1164.69,12.21,17.93,211.0
274722,21.03.2014 13:10:00,980.79,19.46,294.25,5.13,38.88,22.65,8.81,13.84,5.6,8.98,1163.66,9.09,12.61,207.1
274723,21.03.2014 13:20:00,980.73,19.7,294.49,4.93,37.78,22.99,8.69,14.3,5.53,8.86,1162.69,8.47,12.57,202.7
274724,21.03.2014 13:30:00,980.56,19.7,294.51,4.84,37.55,22.99,8.63,14.36,5.49,8.8,1162.51,10.62,14.33,206.5
274725,21.03.2014 13:40:00,980.62,19.78,294.58,5.01,37.8,23.1,8.73,14.37,5.56,8.91,1162.22,8.46,15.65,219.7
274726,21.03.2014 13:50:00,980.5,19.7,294.51,4.98,37.91,22.99,8.71,14.27,5.55,8.89,1162.4,10.11,14.13,209.0
274727,21.03.2014 14:00:00,980.55,19.73,294.54,4.94,37.75,23.03,8.69,14.34,5.53,8.87,1162.35,10.67,18.13,214.2
274728,21.03.2014 14:10:00,980.47,19.63,294.45,5.03,38.21,22.89,8.75,14.14,5.57,8.92,1162.63,9.9,15.21,211.6
274729,21.03.2014 14:20:00,980.23,19.74,294.58,5.01,37.9,23.05,8.73,14.31,5.56,8.91,1161.91,10.85,17.81,211.1
274730,21.03.2014 14:30:00,980.21,19.69,294.53,5.11,38.3,22.97,8.8,14.18,5.6,8.98,1162.06,9.08,14.77,213.8
274731,21.03.2014 14:40:00,980.18,19.85,294.69,5.12,37.93,23.2,8.8,14.4,5.6,8.98,1161.38,8.87,13.81,207.2
274732,21.03.2014 14:50:00,980.17,19.79,294.63,4.93,37.57,23.12,8.69,14.43,5.53,8.86,1161.66,10.16,14.21,213.3
274733,21.03.2014 15:00:00,980.06,19.85,294.7,4.95,37.49,23.2,8.7,14.5,5.54,8.88,1161.29,9.73,13.49,212.1
274734,21.03.2014 15:10:00,979.97,19.92,294.78,5.0,37.46,23.3,8.73,14.57,5.56,8.91,1160.89,8.8,12.29,207.4
274735,21.03.2014 15:20:00,979.96,19.88,294.74,4.75,36.9,23.25,8.58,14.67,5.46,8.75,1161.1,8.47,11.53,208.1
274736,21.03.2014 15:30:00,980.0,19.69,294.55,4.63,37.02,22.97,8.51,14.47,5.42,8.68,1161.94,8.06,12.01,215.4
274737,21.03.2014 15:40:00,980.05,19.69,294.54,4.74,37.31,22.97,8.57,14.4,5.46,8.75,1161.97,7.34,14.81,212.0
274738,21.03.2014 15:50:00,979.96,19.72,294.58,4.32,36.16,23.02,8.32,14.69,5.3,8.49,1161.85,9.22,13.41,215.5
274739,21.03.2014 16:00:00,980.06,19.53,294.38,4.34,36.63,22.75,8.33,14.41,5.31,8.5,1162.72,5.71,8.73,213.9
274740,21.03.2014 16:10:00,980.21,19.34,294.18,4.21,36.73,22.48,8.26,14.22,5.26,8.42,1163.69,7.21,11.39,215.6
274741,21.03.2014 16:20:00,980.32,19.11,293.94,4.25,37.37,22.16,8.28,13.88,5.27,8.45,1164.73,7.83,14.65,215.3
274742,21.03.2014 16:30:00,980.46,18.89,293.7,4.44,38.4,21.86,8.39,13.46,5.34,8.56,1165.72,7.08,12.09,216.7
274743,21.03.2014 16:40:00,980.5,18.62,293.43,4.58,39.45,21.49,8.48,13.01,5.4,8.65,1166.81,8.79,13.49,213.4
274744,21.03.2014 16:50:00,980.52,18.3,293.1,4.67,40.48,21.07,8.53,12.54,5.43,8.7,1168.09,7.98,12.33,215.0
274745,21.03.2014 17:00:00,980.74,18.15,292.93,4.79,41.22,20.87,8.6,12.27,5.47,8.77,1168.92,5.35,8.81,215.7
274746,21.03.2014 17:10:00,980.97,18.01,292.77,4.88,41.85,20.69,8.66,12.03,5.51,8.82,1169.73,3.37,5.88,219.4
274747,21.03.2014 17:20:00,981.17,17.82,292.57,4.88,42.36,20.44,8.66,11.78,5.51,8.82,1170.74,5.79,10.77,228.1
